id,sentence,subject_entity,object_entity,relation
3508,영국에서 기원하여 전승된 발라드 305종을 19세기 말엽 '프랜시스 제임스 차일드'라는 학자가 수집하고 정리하였다.,"{'word': '프랜시스 제임스 차일드', 'start_idx': 33, 'end_idx': 44, 'type': 'ART'}","{'word': '발라드 305종', 'start_idx': 14, 'end_idx': 21, 'type': 'POH'}",producer:product
44,"이 시기의 빼놓을 수 없는 사건들로는 투팍이 겪은 총격사건, 성폭행 사건, 투팍과 비기의 다툼을 이야기할 수 있을 것이다.","{'word': '투팍', 'start_idx': 21, 'end_idx': 22, 'type': 'ART'}","{'word': '비기', 'start_idx': 46, 'end_idx': 47, 'type': 'ART'}",no_relation
3415,"1938년, 모튼은 Library of Congress을 위해 일련의 레코딩을 만들었고, 그는 두 스타일의 차이를 보여주었다.","{'word': '모튼', 'start_idx': 7, 'end_idx': 8, 'type': 'ART'}","{'word': '1938년', 'start_idx': 0, 'end_idx': 4, 'type': 'DAT'}",no_relation
658,"1922년 ∼ 1930년 사이 《사의 찬미》의 윤심덕을 비롯해 《낙화유수》(김서정 작사/작곡)의 이정숙과 《봄노래 부르자》(김서정 작사/작곡)의 채규엽 및 세동무의 채동원, 그리고 《암로(暗路)》의 김연실 등이 대표적인 가수였다.","{'word': '암로', 'start_idx': 102, 'end_idx': 103, 'type': 'POH'}","{'word': '김연실', 'start_idx': 111, 'end_idx': 113, 'type': 'ART'}",producer:product
788,"또한 최유나의 《흔적》, 한혜진의 《갈색추억》, 박윤경의 《부초》 등 서정적이고 단조로운 분위기의 트로트들이 주로 인기를 얻기도 하였다.","{'word': '트로트', 'start_idx': 55, 'end_idx': 57, 'type': 'GEN'}","{'word': '박윤경', 'start_idx': 27, 'end_idx': 29, 'type': 'ART'}",gen:artist
2785,"블루스는 1860년대 미국 딥사우스에서 아프리카 음악 전통, 아프리카계 미국인의 작업 노래, 영적인 것에 뿌리를 둔 흑인들에 의해 유래된 음악 장르와 음악 형식이다.","{'word': '블루스', 'start_idx': 0, 'end_idx': 2, 'type': 'GEN'}","{'word': '1860년대', 'start_idx': 5, 'end_idx': 10, 'type': 'DAT'}",gen:origin
3200,"재즈에 대한 유럽 관객들의 관심뿐만 아니라, 이 시기에 유럽의 경제적, 정치적 어려움에 수반되는 미국적인 것에 대한 관심을 불러일으킨 것은 그들의 라이브 공연이었다.","{'word': '재즈', 'start_idx': 0, 'end_idx': 1, 'type': 'GEN'}","{'word': '유럽', 'start_idx': 31, 'end_idx': 32, 'type': 'LOC'}",no_relation
1086,팝 음악의 하위 장르 = 버블검 팝? 댄스 팝 ? 일렉트로팝 ? 유로 팝 ? 인디 음악 ? 팝페라 ? 파워 팝 ? 사운드트랙 ? 소피스트 팝 ? 신스팝 ? 스페이스 에이지 팝 ? 선샤인 팝 ? 스탠더드 팝 ? 틴 팝,"{'word': '일렉트로팝', 'start_idx': 28, 'end_idx': 32, 'type': 'GEN'}","{'word': '팝 음악', 'start_idx': 0, 'end_idx': 3, 'type': 'GEN'}",gen:super_genre
211,"찰스 피바디가 블루스는 미시시피의 크락스데일에서 나타났다 하고, 게이트 토마스는 1901~1902년 사이 남부 텍사스에서 매우 비슷한 노래가 나왔다고 말했다.","{'word': '블루스', 'start_idx': 8, 'end_idx': 10, 'type': 'GEN'}","{'word': '남부 텍사스', 'start_idx': 59, 'end_idx': 64, 'type': 'LOC'}",gen:origin
1425,1970년대 후반부터 프린스는 제임스와의 비슷함을 벗고 역동적인 구성을 사용했다.,"{'word': '프린스', 'start_idx': 12, 'end_idx': 14, 'type': 'ART'}","{'word': '1970년대 후반', 'start_idx': 0, 'end_idx': 8, 'type': 'DAT'}",no_relation
3412,"1938년, 모튼은 Library of Congress을 위해 일련의 레코딩을 만들었고, 그는 두 스타일의 차이를 보여주었다.","{'word': 'Library of Congress', 'start_idx': 11, 'end_idx': 29, 'type': 'POH'}","{'word': '모튼', 'start_idx': 7, 'end_idx': 8, 'type': 'ART'}",no_relation
396,"유명한 재즈, 포크 혹은 록 뮤지션인 루이 암스트롱, 듀크 엘링턴, 마일스 데이비스, 밥 딜런과 같은 인물들이 블루스 음악을 연주, 녹음할 때 말이다.","{'word': '포크', 'start_idx': 8, 'end_idx': 9, 'type': 'GEN'}","{'word': '밥 딜런', 'start_idx': 48, 'end_idx': 51, 'type': 'ART'}",gen:artist
2605,"이것은 딕시랜드식 프리윙 재즈의 전국적인 부활과 동시에 클라리넷 연주자 조지 루이스, 코네티스트 빌 데이비슨, 트롬본 연주자 투르크 머피와 같은 연주자들은 보수적인 재즈 비평가들로부터 빅 밴드보다 더 진정성 있는 것으로 환영받았다.","{'word': '투르크 머피', 'start_idx': 70, 'end_idx': 75, 'type': 'ART'}","{'word': '딕시랜드식 프리윙 재즈', 'start_idx': 4, 'end_idx': 15, 'type': 'GEN'}",no_relation
3197,"이것은 1930년대의 올리버, 모튼, 암스트롱 밴드에 의한 재즈 클래식 음반회사의 재발행에 의해 상당 부분 추진되었다.","{'word': '1930년대', 'start_idx': 4, 'end_idx': 9, 'type': 'DAT'}","{'word': '올리버', 'start_idx': 12, 'end_idx': 14, 'type': 'ART'}",no_relation
3233,In a Silent Way 앨범은 후년의 경우보다 부드러운 사운드를 선보였지만 여전히 초기 퓨전의 고전으로 꼽힌다.,"{'word': 'In a Silent Way', 'start_idx': 0, 'end_idx': 14, 'type': 'POH'}","{'word': '초기 퓨전', 'start_idx': 49, 'end_idx': 53, 'type': 'GEN'}",no_relation
523,"흔히 영국의 로커 빌리, R&B와 영국 컨트리 음악의 퓨전, 영국의 블루그래스 등으로 규정되는 스키플은, 초기의 가난했던 미국 흑인들의 블루스와 재즈를 연주하기 위한 영국인들의 시도에서 출발했다.","{'word': '스키플', 'start_idx': 53, 'end_idx': 55, 'type': 'GEN'}","{'word': 'R&B', 'start_idx': 14, 'end_idx': 16, 'type': 'GEN'}",no_relation
663,"1977년에는 그룹사운드 '히식스', '최헌과 검은나비' 등을 결성 해 보컬과 기타리스트로 활동 하던 최헌의 《오동잎》이 후반에 히트 하였고 이성애가 일본에서 데뷔 하면서 트로트를 소개 했다.","{'word': '최헌', 'start_idx': 57, 'end_idx': 58, 'type': 'ART'}","{'word': '히식스', 'start_idx': 15, 'end_idx': 17, 'type': 'POH'}",artist:member_of
1994,"그러나 같은 켈트 문화권이라도, 프랑스 북서부 브르타뉴와 스페인 북서부 갈리시아는 언어가 영어가 아니기 때문에 이 지역의 켈트 음악은 월드뮤직으로 분류한다. ","{'word': '프랑스 북서부 브르타뉴', 'start_idx': 18, 'end_idx': 29, 'type': 'LOC'}","{'word': '월드뮤직', 'start_idx': 75, 'end_idx': 78, 'type': 'GEN'}",no_relation
2164,1950년대까지는 로큰롤이라는 이름이 존재하지 않았다.,"{'word': '로큰롤', 'start_idx': 10, 'end_idx': 12, 'type': 'GEN'}","{'word': '1950년대', 'start_idx': 0, 'end_idx': 5, 'type': 'DAT'}",no_relation
3218,"그 후 재즈는 많은 주요 댄스 오케스트라에서 중요한 요소가 되었고, 재즈 악기 연주자들이 많아졌다. 이 스타일은 1934년에 시작된 Quintette du Hot Club de France와 함께 프랑스에서 본격적으로 시작되었다.","{'word': '재즈', 'start_idx': 38, 'end_idx': 39, 'type': 'GEN'}","{'word': '프랑스', 'start_idx': 110, 'end_idx': 112, 'type': 'LOC'}",gen:origin
2985,즉흥연주의 중심은 아프리카계 미국인 노예들의 노동요와 밭농사에서 행한 음악에서 생겨난 민속 음악 형태인 블루스와 같은 초기 아프리카 영향의 음악에서 발전했다.,"{'word': '아프리카계 미국인 노예', 'start_idx': 10, 'end_idx': 21, 'type': 'COM'}","{'word': '아프리카', 'start_idx': 69, 'end_idx': 72, 'type': 'LOC'}",no_relation
944,"컨트리 팝의 하위 장르로 60년대의 베이커스 필드, 70년대의 프로그레시브 컨트리, 80~90년대의 뉴 트레디셔널 컨트리 등이 있다.","{'word': '뉴 트레디셔널 컨트리', 'start_idx': 56, 'end_idx': 66, 'type': 'GEN'}","{'word': '컨트리 팝', 'start_idx': 0, 'end_idx': 4, 'type': 'GEN'}",gen:super_genre
2937,재즈(Jazz)는 19세기 말~20세기 초 미국 뉴올리언스 아프리카계 미국인 사회에서 유래된 음악 장르로 블루스와 래그타임에 뿌리를 둔다.,"{'word': '아프리카계 미국인 사회', 'start_idx': 33, 'end_idx': 44, 'type': 'COM'}","{'word': '19세기 말~20세기 초', 'start_idx': 10, 'end_idx': 22, 'type': 'DAT'}",no_relation
186,"또한, 이들의 영향을 받은 롤링 스톤스, 비틀즈, 프리티 싱스(Pretty Sings)와 같은 밴드들이 전면에 나서기 시작하면서, ""브리티시 리듬 앤 블루스(British Rhythm and Blues)""""로 불리는 영국 특유의 블루스 음악이 록으로 진화하기 시작한 것이다.""","{'word': '비틀즈', 'start_idx': 23, 'end_idx': 25, 'type': 'ART'}","{'word': 'British Rhythm and Blues', 'start_idx': 88, 'end_idx': 111, 'type': 'GEN'}",no_relation
3151,암스트롱은 아마도 다른 어떤 음악가보다도 재즈에서 스윙의 리듬 기법을 성대하게 구사하고 재즈 솔로의 의미를 넓혔다.,"{'word': '재즈', 'start_idx': 23, 'end_idx': 24, 'type': 'GEN'}","{'word': '암스트롱', 'start_idx': 0, 'end_idx': 3, 'type': 'ART'}",gen:artist
2100,"1980년대의 팝 록 아티스트로는 스티비 원더, 마이클 잭슨, 필 콜린스, 브라이언 아담스 등이 있으며, 상업적으로 크게 부흥한 시기여서 팝과 록의 혼합이 왕성히 생겨났다. 그로인해 팝 아티스트들의 음악 중 약간의 록적인 요소가 포함되어도 팝 록으로 불리기 시작하였다.","{'word': '팝 록', 'start_idx': 134, 'end_idx': 136, 'type': 'GEN'}","{'word': '마이클 잭슨', 'start_idx': 27, 'end_idx': 32, 'type': 'ART'}",gen:artist
2345,"그 후 점차 강한 록 음악이 성장하게 되어 'Summertime Blues'로 유명했던 에디 코크런, 리틀 리처드 등도 하드 록의 형성에 큰 역할을 했다.","{'word': '하드 록', 'start_idx': 67, 'end_idx': 70, 'type': 'GEN'}","{'word': '리틀 리처드', 'start_idx': 57, 'end_idx': 62, 'type': 'ART'}",gen:artist
995,보통 시골의 음악으로 생각되기 쉽지만 홍키 통크는 사실 남부 도시로 이주한 시골 이민자의 결과라고 볼 수 있으며 특히 텍사스에서 그랬다.,"{'word': '홍키 통크', 'start_idx': 21, 'end_idx': 25, 'type': 'GEN'}","{'word': '남부 도시', 'start_idx': 31, 'end_idx': 35, 'type': 'LOC'}",no_relation
3329,"이러한 것의 주요 인물들은 주로 뉴욕에 기반을 두고 있었으며 피아니스트 테로니우스 몽크와 버드 파월, 드러머 막스 로치와 케니 클라크, 색소폰 연주자 찰리 파커, 트럼펫 주자 디지 길레스피 등이 포함되어 있었다.","{'word': '버드 파월', 'start_idx': 50, 'end_idx': 54, 'type': 'ART'}","{'word': '뉴욕', 'start_idx': 18, 'end_idx': 19, 'type': 'LOC'}",no_relation
682,2006년에는 박현빈이 《곤드레만드레》로 트로트계 신예로 부상 하면서 이 세 가수는 트로트계 새로운 3인자로 급부상했다.,"{'word': '2006년', 'start_idx': 0, 'end_idx': 4, 'type': 'DAT'}","{'word': '곤드레만드레', 'start_idx': 14, 'end_idx': 19, 'type': 'POH'}",no_relation
2446,대표적인 아티스트로는 알렉시스 코너와 존 메이올이 있었다. 로큰롤을 하지 않았던 영국 가수 중 클리프 리차드는 미국 공연을 시도했으나 실패를 하고 말았다. ,"{'word': '영국', 'start_idx': 45, 'end_idx': 46, 'type': 'LOC'}","{'word': '로큰롤', 'start_idx': 33, 'end_idx': 35, 'type': 'GEN'}",no_relation
2429,이런 음악은 로큰롤이 도래하기 이전 영국으로 전해져 언더그라운드 뮤지션(백인)들은 브리티시 블루스를 만들어냈다. ,"{'word': '브리티시 블루스', 'start_idx': 46, 'end_idx': 53, 'type': 'GEN'}","{'word': '영국', 'start_idx': 20, 'end_idx': 21, 'type': 'LOC'}",gen:origin
1201,일렉트로 펑크는 일렉트로닉 음악과 펑크가 혼합물이다.,"{'word': '일렉트로 펑크', 'start_idx': 0, 'end_idx': 6, 'type': 'GEN'}","{'word': '일렉트로닉 음악', 'start_idx': 9, 'end_idx': 16, 'type': 'GEN'}",gen:super_genre
14,"이외에도 시대의 아이콘 중 한 명인 퍼렐 윌리엄스와 그를 중심으로 한 N.E.R.D, Cam’ron과 그의 크루 Dipset, West Side와 과거의 힙합을 이야기하며 등장해 일약 스타가 된 더 게임, 남부의 화려한 듀오 아웃캐스트 등이 있다.","{'word': 'Cam’ron', 'start_idx': 48, 'end_idx': 54, 'type': 'ART'}","{'word': 'West Side', 'start_idx': 71, 'end_idx': 79, 'type': 'POH'}",no_relation
234,"블루스는 20세기 초, 남부 텍사스와 미국 남부에서부터 기록되기 시작된다.","{'word': '블루스', 'start_idx': 0, 'end_idx': 2, 'type': 'GEN'}","{'word': '남부 텍사스', 'start_idx': 13, 'end_idx': 18, 'type': 'LOC'}",gen:origin
2675,그것은 부분적으로 1950년대 초의 쿨 재즈의 유행에 대응하여 발전했고 리듬과 블루스의 상승과 병행했다.,"{'word': '1950년대', 'start_idx': 10, 'end_idx': 15, 'type': 'DAT'}","{'word': '리듬과 블루스', 'start_idx': 40, 'end_idx': 46, 'type': 'GEN'}",gen:origin
3080,"재즈 융합의 주목할 만한 연주자로는 마일즈 데이비스, 에디 해리스, 키보드 연주자 조 자위눌, 칙 코레아, 허비 핸콕, 게리 버튼, 토니 윌리엄스, 장 루크 폰티, 래리 코릴, 알 디 메올라, 존 맥러플린 등이 있다.","{'word': '재즈 융합', 'start_idx': 0, 'end_idx': 4, 'type': 'GEN'}","{'word': '존 맥러플린', 'start_idx': 108, 'end_idx': 113, 'type': 'ART'}",gen:artist
1523,"Phish, Soul Rebels Brass Band, Galactic, Soulive 등 모두 펑크 잼을 연주하는 펑크 밴드의 예들이다.","{'word': 'Phish', 'start_idx': 0, 'end_idx': 4, 'type': 'ART'}","{'word': '펑크 밴드', 'start_idx': 65, 'end_idx': 69, 'type': 'COM'}",gen:artist
3321,"그로버 워싱턴 주니어, 케니 G, 커크 웰럼, 보니 제임스, 데이비드 산본 등 색소폰 연주자로 활동하고 있으며 일반적으로 스무스 재즈는 다운템포(분당 90~105박자가 가장 많이 연주되는 곡)이며 리드 멜로디 연주 악기(특히 일렉트릭 기타가 인기)가 있다.","{'word': '커크 웰럼', 'start_idx': 19, 'end_idx': 23, 'type': 'ART'}","{'word': '케니 G', 'start_idx': 13, 'end_idx': 16, 'type': 'ART'}",no_relation
2706,"재즈라는 단어의 최초 기록은 1912년 로스앤젤레스 타임즈 기사에서 한 마이너리그 야구 투수가 ""흔들려서 아무것도 할 수 없기 때문""""이라고 말한 """"재즈볼""""이라고 한다.""","{'word': '로스앤젤레스', 'start_idx': 22, 'end_idx': 27, 'type': 'LOC'}","{'word': '1912년', 'start_idx': 16, 'end_idx': 20, 'type': 'DAT'}",no_relation
1392,"1990년까지, 몇몇 쿠바 밴드들은 펑크와 힙합 요소들을 그들의 배치에 포함시켰고, 미국의 드럼 세트, 색소폰, 그리고 두 개의 키보드 형식을 가진 전통적인 구성에 의해 확장되었다.","{'word': '펑크', 'start_idx': 20, 'end_idx': 21, 'type': 'GEN'}","{'word': '힙합', 'start_idx': 24, 'end_idx': 25, 'type': 'GEN'}",no_relation
1669,"록슨, 릴리안 (1969) ""Rock Encyclopedia"""". Grosset & Dunlap.""","{'word': '1969', 'start_idx': 9, 'end_idx': 12, 'type': 'DAT'}","{'word': 'Grosset & Dunlap', 'start_idx': 36, 'end_idx': 51, 'type': 'COM'}",no_relation
2772,"화이트맨의 성공은 하인스(1928년 시카고의 그랜드 테라스 카페에서 시작), 듀크 엘링턴(1927년 할렘의 코튼 클럽에서 시작), 리오넬 햄튼, 플레처 헨더슨, 클로드 홉킨스, 돈 레드먼 등 흑인들의 재즈를 발전시키는 계기가 됐다.","{'word': '할렘', 'start_idx': 56, 'end_idx': 57, 'type': 'LOC'}","{'word': '화이트맨', 'start_idx': 0, 'end_idx': 3, 'type': 'ART'}",no_relation
2033,"대중음악에서의 '밴드음악'(마그네틱 밴드를 이용한 음악)도 전자악기를 사용한다는 점에서 전자음악의 한 분류로 부르기도 한다. 이후 'Electroacoustic Music' 혹은 '뮤직 일렉토아쿠스이케' 로 명칭이 바뀌어 불리게 되었으며 현재는 이 외에도 '라이브 일렉트로닉', '뮤직 믹스트', '베이좌즈 쏘노흐' 등과 같이 순수예술장르나 근래에는 '실험주의 음악' 또는 '대중음악'에서도 전자 음악을 많이 찾아 볼 수 있다.","{'word': '전자음악', 'start_idx': 49, 'end_idx': 52, 'type': 'GEN'}","{'word': '밴드음악', 'start_idx': 9, 'end_idx': 12, 'type': 'GEN'}",gen:sub_genre
3280,1969년 데이비스는 자신의 첫 퓨전 앨범으로 여겨질 수 있는 In a Silent Way로 재즈에 대한 전자 악기 접근법을 완전히 수용했다.,"{'word': 'In a Silent Way', 'start_idx': 35, 'end_idx': 49, 'type': 'POH'}","{'word': '데이비스', 'start_idx': 6, 'end_idx': 9, 'type': 'ART'}",product:origin
2954,사이키델릭한 웨더리포트의 데뷔 앨범은 1971년 이 그룹의 멤버들(타악기 연주자 에어토 모레라 포함)의 시작과 음악에 대한 비정통적인 접근 덕분에 재즈계에 큰 반향을 일으켰다.,"{'word': '에어토 모레라', 'start_idx': 45, 'end_idx': 51, 'type': 'ART'}","{'word': '웨더리포트', 'start_idx': 7, 'end_idx': 11, 'type': 'ART'}",no_relation
858,"크리스 크리스오퍼슨, 윌리 넬슨, 빌리 조 샤버, 톰.T.홀, 지미 데일 길모어, 버치 행콕는 기존 관례에 비하면 썩 훌륭한 가수는 아니었지만 그들은 독특하고 개인적인 곡들을 썼으며 매력적인 목소리를 가지고 있었다.","{'word': '버치 행콕', 'start_idx': 46, 'end_idx': 50, 'type': 'ART'}","{'word': '윌리 넬슨', 'start_idx': 12, 'end_idx': 16, 'type': 'ART'}",no_relation
794,"대표적으로 박재홍의 《유정 천리》와 같은 곡을 비롯해 많은 곡이 1988년까지 발행되지는 않았으나, 인기를 끌어 노래는 불리는 모습이 나타나기도 했다.","{'word': '박재홍', 'start_idx': 6, 'end_idx': 8, 'type': 'ART'}","{'word': '1988년', 'start_idx': 36, 'end_idx': 40, 'type': 'DAT'}",no_relation
873,싱어송라이터였던 행크 윌리엄스는 그의 50년대 초 전성기였고 레프티 프리첼은 그의 부드럽고 아름다운 멜로디 구조와 풍부하고 맑은 테너 톤으로 컨트리 음악의 판도를 바꿔놓았다.,"{'word': '50년대 초', 'start_idx': 21, 'end_idx': 26, 'type': 'DAT'}","{'word': '컨트리 음악', 'start_idx': 79, 'end_idx': 84, 'type': 'GEN'}",no_relation
2174,"특히 서부 해안과 중서부 지역에서는 기타 리프와 독특한 비트, 호소력 있는 가사로 리듬 앤 블루스가 유행하면서 앞으로의 더 큰 발전 가능성을 예고했다.","{'word': '리듬 앤 블루스', 'start_idx': 46, 'end_idx': 53, 'type': 'GEN'}","{'word': '서부 해안과 중서부 지역', 'start_idx': 3, 'end_idx': 15, 'type': 'LOC'}",gen:origin
1738,신중현은 1968년 덩키스라는 밴드를 결성하고 미8군에서 사이키델릭을 연주했다.,"{'word': '1968년', 'start_idx': 5, 'end_idx': 9, 'type': 'DAT'}","{'word': '사이키델릭', 'start_idx': 32, 'end_idx': 36, 'type': 'GEN'}",no_relation
795,"대표적으로 박재홍의 《유정 천리》와 같은 곡을 비롯해 많은 곡이 1988년까지 발행되지는 않았으나, 인기를 끌어 노래는 불리는 모습이 나타나기도 했다.","{'word': '유정 천리', 'start_idx': 12, 'end_idx': 16, 'type': 'POH'}","{'word': '박재홍', 'start_idx': 6, 'end_idx': 8, 'type': 'ART'}",product:origin
3473,"레게라는 말은 ""현재 유행하는""""이란 뜻의 자메이카식 영어에서 나왔다. ""","{'word': '현재 유행하는', 'start_idx': 9, 'end_idx': 15, 'type': 'POH'}","{'word': '레게', 'start_idx': 0, 'end_idx': 1, 'type': 'GEN'}",no_relation
2921,1926년에 프레드 엘리잘드와 그의 캠브리지 학부생들이 BBC에서 방송하기 시작했다.,"{'word': '1926년', 'start_idx': 0, 'end_idx': 4, 'type': 'DAT'}","{'word': 'BBC', 'start_idx': 31, 'end_idx': 33, 'type': 'POH'}",no_relation
1301,"그것의 초창기는 60년대 후반에서 70년대 중반까지 지미 헨드릭스, 프랭크 자파, 게리 라이트, 데이비드 보위, 마더스 페인스트, 펑카델릭 같은 음악가들에 의해 그들의 초기 앨범에서 들렸다.","{'word': '초기 앨범', 'start_idx': 94, 'end_idx': 98, 'type': 'POH'}","{'word': '60년대 후반에서 70년대 중반', 'start_idx': 9, 'end_idx': 25, 'type': 'DAT'}",no_relation
817,다소간 시간에 따라 변화하긴 했으나 컨트리 가스펠은 모든 컨트리의 세부 장르를 통틀어 가장 간단한 음악이었다.,"{'word': '컨트리', 'start_idx': 32, 'end_idx': 34, 'type': 'GEN'}","{'word': '컨트리 가스펠', 'start_idx': 20, 'end_idx': 26, 'type': 'GEN'}",no_relation
162,"남북전쟁 이후, 농장에서 흑인 노예들에 의해 불리었던 할러, 혹은 노동요로 불리는 음악들은 농장제가 없어지면서 동시에 소멸되었지만, 아프리카적 요소들을 고스란히 도입하고 있던 이러한 음악들이 민스트럴 쇼, 교회에서 불리던 복음성가 등과 합쳐지면서 렉타임, 부기우기 등으로 발전 되었고, 블루스의 원류를 형성하는 음악이 된 것이다.","{'word': '블루스', 'start_idx': 160, 'end_idx': 162, 'type': 'GEN'}","{'word': '부기우기', 'start_idx': 143, 'end_idx': 146, 'type': 'GEN'}",no_relation
2780,"또한 1897년 백인 작곡가 윌리엄 크렐이 ""Mississippi Rag""""를 첫 번째 작곡 피아노 래그타임 곡으로 발표했고"," 톰 터핀은 흑인 미국인이 최초로 발표한 래그인 """"Harlem Rag""""를 발표했다.""","{'word': '래그', 'start_idx': 92, 'end_idx': 93, 'type': 'GEN'}",gen:artist
1120,백인들만을 위한 로큰롤 (Rock'n Roll)과 다른 하나는 흑인들만을 위한 솔(Soul)이다. ,"{'word': 'Soul', 'start_idx': 46, 'end_idx': 49, 'type': 'GEN'}","{'word': ""Rock'n Roll""""",no_relation
2701,"재즈라는 단어의 최초 기록은 1912년 로스앤젤레스 타임즈 기사에서 한 마이너리그 야구 투수가 ""흔들려서 아무것도 할 수 없기 때문""""이라고 말한 """"재즈볼""""이라고 한다.""","{'word': '재즈', 'start_idx': 0, 'end_idx': 1, 'type': 'GEN'}","{'word': '1912년', 'start_idx': 16, 'end_idx': 20, 'type': 'DAT'}",gen:origin
1862,"해외의 대표적인 CCM 음악가로는 에이미 그랜트, 스티브 커티스 채프만, 디씨토크, 커크 프랭클린, 아발론, 크리스 톰린, 맷 래드먼, Jars of Clay, 마이클 W. 스미스, 페트라, Jesus Culture, Bethel Music, Hillsong United 등이 있다.","{'word': 'CCM', 'start_idx': 9, 'end_idx': 11, 'type': 'GEN'}","{'word': '마이클 W. 스미스', 'start_idx': 90, 'end_idx': 99, 'type': 'ART'}",gen:artist
3289,"1937년 창단한 'The International Sweethearts of Rhythm'은 1945년 유럽을 순회하며 미국 최초의 여성 밴드가 되었고, USO와 함께 여행한 최초의 인기 밴드였다.","{'word': '1945년', 'start_idx': 53, 'end_idx': 57, 'type': 'DAT'}","{'word': 'USO', 'start_idx': 87, 'end_idx': 89, 'type': 'ART'}",no_relation
2599,"시카고 스타일 재즈는 에디 콘돈, 버드 프리먼, 지미 맥파트랜드, 데이브 터프 등 백인 뮤지션들이 개발했다.","{'word': '시카고 스타일 재즈', 'start_idx': 0, 'end_idx': 9, 'type': 'GEN'}","{'word': '지미 맥파트랜드', 'start_idx': 27, 'end_idx': 34, 'type': 'ART'}",gen:origin
3053,피아니스트 브래드 멜다우와 더 배드 플러스는 록 뮤지션들의 기악 재즈 버전을 녹음하면서 전통적인 재즈 어쿠스틱 피아노 트리오의 맥락 안에서 현대 록 음악을 탐구해왔다.,"{'word': '현대 록 음악', 'start_idx': 78, 'end_idx': 84, 'type': 'GEN'}","{'word': '더 배드 플러스', 'start_idx': 15, 'end_idx': 22, 'type': 'ART'}",gen:artist
1811,"원래 자기 자신의 솔로 음반을 내기 위해 만들어진 레이블이었지만 이후 토마스 쿡, 전자양 등의 뮤지션들이 합류를 하면서 기존의 인디 레이블과는 다른 영역을 구축해 나가기 시작한다.","{'word': '전자양', 'start_idx': 46, 'end_idx': 48, 'type': 'ART'}","{'word': '토마스 쿡', 'start_idx': 39, 'end_idx': 43, 'type': 'ART'}",no_relation
2376,1980년대 들어 하드록은 LA 메탈을 중심으로 발전하기 시작한다.,"{'word': '하드록', 'start_idx': 10, 'end_idx': 12, 'type': 'GEN'}","{'word': 'LA 메탈', 'start_idx': 15, 'end_idx': 19, 'type': 'GEN'}",gen:super_genre
2707,"재즈라는 단어의 최초 기록은 1912년 로스앤젤레스 타임즈 기사에서 한 마이너리그 야구 투수가 ""흔들려서 아무것도 할 수 없기 때문""""이라고 말한 """"재즈볼""""이라고 한다.""","{'word': '타임즈', 'start_idx': 29, 'end_idx': 31, 'type': 'COM'}","{'word': '재즈볼', 'start_idx': 82, 'end_idx': 84, 'type': 'POH'}",no_relation
3194,뉴올리언스 밴드는 흑인 아이들이 가난에서 벗어날 수 있도록 도와주면서 도시의 뚜렷한 사운드와 함께 플레이어를 프로 재즈의 세계에 기부한다.,"{'word': '뉴올리언스 밴드', 'start_idx': 0, 'end_idx': 7, 'type': 'ART'}","{'word': '프로 재즈', 'start_idx': 61, 'end_idx': 65, 'type': 'GEN'}",no_relation
1047,한국의 역사상 최초의 대중 가요로는 1921년 무렵 레코드 음반이 발표된 《희망가》로 알려져 있다.,"{'word': '1921년', 'start_idx': 20, 'end_idx': 24, 'type': 'DAT'}","{'word': '희망가', 'start_idx': 42, 'end_idx': 44, 'type': 'POH'}",no_relation
3384,"아미리 바라카는 화이트 재즈 장르가 있다고 주장한다. 1910년대 뉴올리언스에서 릴라이언스 밴드를 운영했던 파파 잭 레인은 ""화이트 재즈의 아버지""""라고 불렸다.""","{'word': '화이트 재즈', 'start_idx': 70, 'end_idx': 75, 'type': 'GEN'}","{'word': '파파 잭 레인', 'start_idx': 60, 'end_idx': 66, 'type': 'ART'}",gen:artist
2962,"화이트맨의 밴드가 유럽 순회공연을 성공적으로 마친 후 프레드 와링, 장 골드케트, 나타니엘 실크렛 등 다른 백인들과 함께 극장 안의 거대한 핫재즈 오케스트라가 인기를 끌었다.","{'word': '나타니엘 실크렛', 'start_idx': 46, 'end_idx': 53, 'type': 'ART'}","{'word': '화이트맨의 밴드', 'start_idx': 0, 'end_idx': 7, 'type': 'ART'}",no_relation
3122,데이비스의 전 밴드 동료 허비 핸콕도 1990년대 중반 힙합 영향을 흡수해 1994년 음반 Dis Is Da Drum을 발매했다.,"{'word': 'Dis Is Da Drum', 'start_idx': 51, 'end_idx': 64, 'type': 'POH'}","{'word': '1994년', 'start_idx': 42, 'end_idx': 46, 'type': 'DAT'}",product:origin
2757,프랑스 재즈의 대부분은 아프리카계 미국인 재즈와 프랑스 음악가들이 잘 훈련된 재즈 스타일의 조합이었다.,"{'word': '프랑스', 'start_idx': 27, 'end_idx': 29, 'type': 'LOC'}","{'word': '프랑스 재즈', 'start_idx': 0, 'end_idx': 5, 'type': 'GEN'}",no_relation
2468,록은 1950년대 로큰롤(Rock and Roll)에서 비롯되었다.,"{'word': '1950년대', 'start_idx': 3, 'end_idx': 8, 'type': 'DAT'}","{'word': '록', 'start_idx': 0, 'end_idx': 0, 'type': 'GEN'}",no_relation
2747,"하드스윙, 블루스, 즉흥적인 스타일인 캔자스 시티 재즈와 집시 재즈(musette waltzes를 강조한 스타일)가 두드러진 스타일이었다.","{'word': '집시 재즈', 'start_idx': 32, 'end_idx': 36, 'type': 'GEN'}","{'word': 'musette waltzes', 'start_idx': 38, 'end_idx': 52, 'type': 'GEN'}",gen:alternate_name
368,"이렇듯, 가사들은 보통 아프리카-아메리칸의 사회에서의 경험, 사고 등을 이야기했는데, 다음은 블라인드 레몬 제퍼슨의 〈Rising High Water Blues〉 (1927)에서 말해주는 1927년 미시시피 대홍수이다.","{'word': '1927년', 'start_idx': 105, 'end_idx': 109, 'type': 'DAT'}","{'word': 'Rising High Water Blues', 'start_idx': 66, 'end_idx': 88, 'type': 'POH'}",no_relation
1041,"또한 컨트리를 주 장르로 삼은 가수들은 판매량이 모두 최고였는데, 미국의 컨트리 가수 가스 브룩스는 미국에서만 1억 2천8백만 장을 팔며 가장 음반을 많이 판 가수중 한 명이다.","{'word': '가스 브룩스', 'start_idx': 48, 'end_idx': 53, 'type': 'ART'}","{'word': '미국', 'start_idx': 56, 'end_idx': 57, 'type': 'LOC'}",no_relation
783,"또한 트로트는 미국의 춤곡인 폭스트롯(영어: Foxtrot)이 트로트의 어원이며, 기존의 동양 전통 음악과 미국, 유럽 국가들의 다양한 음악들이 혼합하여 탄생했다.","{'word': '동양 전통 음악', 'start_idx': 50, 'end_idx': 57, 'type': 'GEN'}","{'word': 'Foxtrot', 'start_idx': 25, 'end_idx': 31, 'type': 'POH'}",gen:origin
336,"블루스 스케일은 여러 장르에서 사용되는데, 대표적으로 대중음악에선 해롤드 알렌의 〈Blues in the Night〉, 블루스 발라드에선 〈Since I Fell for You〉, 〈Please Send Me Someone to Love〉 등 심지어 조지 거시윈의 〈Rhapsody in Blue〉, 〈Concerto in F〉와 같은 오케스트라에게도 영향을 끼쳤다.","{'word': '대중음악', 'start_idx': 30, 'end_idx': 33, 'type': 'GEN'}","{'word': '블루스', 'start_idx': 0, 'end_idx': 2, 'type': 'GEN'}",no_relation
181,"또한, 이들의 영향을 받은 롤링 스톤스, 비틀즈, 프리티 싱스(Pretty Sings)와 같은 밴드들이 전면에 나서기 시작하면서, ""브리티시 리듬 앤 블루스(British Rhythm and Blues)""""로 불리는 영국 특유의 블루스 음악이 록으로 진화하기 시작한 것이다.""","{'word': '브리티시 리듬 앤 블루스', 'start_idx': 74, 'end_idx': 86, 'type': 'GEN'}","{'word': '블루스 음악', 'start_idx': 127, 'end_idx': 132, 'type': 'GEN'}",gen:super_genre
565,"하지만 2004년에 장윤정이 데뷔 함과 동시에 《어머나》로 ""어머나 열풍"""" 을 일으키면서 점점 트로트가 신세대들에게 친근감이 느껴지게 되었다.""","{'word': '어머나', 'start_idx': 27, 'end_idx': 29, 'type': 'POH'}","{'word': '트로트', 'start_idx': 53, 'end_idx': 55, 'type': 'GEN'}",no_relation
913,컨트리 폴리탄 팝은 모든 레코드들이 내슈빌에서 발매되었기 때문에 결국 내슈빌 사운드라는 이름이 붙어졌다.,"{'word': '내슈빌', 'start_idx': 20, 'end_idx': 22, 'type': 'LOC'}","{'word': '컨트리 폴리탄 팝', 'start_idx': 0, 'end_idx': 8, 'type': 'GEN'}",no_relation
1240,"1970년대에 펑크는 블루스, 가스펠, 재즈, 비밥의 영향을 포함하여 1960년대 아프리카계 미국 음악에서 사용되었던 것과 동일한 보컬 스타일을 많이 사용했다.","{'word': '블루스', 'start_idx': 12, 'end_idx': 14, 'type': 'GEN'}","{'word': '1960년대', 'start_idx': 39, 'end_idx': 44, 'type': 'DAT'}",gen:origin
2926,유럽 음악사나 아프리카 음악 같은 다른 음악적 전통의 관점에서 재즈를 정의하려는 시도가 있었다.,"{'word': '재즈', 'start_idx': 35, 'end_idx': 36, 'type': 'GEN'}","{'word': '유럽 음악', 'start_idx': 0, 'end_idx': 4, 'type': 'GEN'}",no_relation
2898,비밥과 그 이후의 재즈 개발은 이전 재즈보다 더 복잡한 패턴과 더 빠른 템포에서 연주되는 더 넓은 음을 특징으로 했다.,"{'word': '비밥', 'start_idx': 0, 'end_idx': 1, 'type': 'GEN'}","{'word': '재즈', 'start_idx': 10, 'end_idx': 11, 'type': 'GEN'}",no_relation
454,1930년대와 1940년대 초의 중요한 어반 블루스 스타일 중 하나로 부기우기를 뽑을 수 있다.,"{'word': '1930년대와 1940년대 초', 'start_idx': 0, 'end_idx': 15, 'type': 'DAT'}","{'word': '어반 블루스 스타일', 'start_idx': 22, 'end_idx': 31, 'type': 'GEN'}",no_relation
1927,"시부야계 관련 뮤지션에는 피치카토 파이브, 고니시 야스하루, 판타스틱 플라스틱 머신, 캡슐, 나카타 야스타카, COLTEMONIKHA, Perfume, 고시지마 도시코, FreeTEMPO, DJ KAWASAKI, DJ Okawari, Daishi Dance, 800 Cherries, Buffalo Daughter, 세씨, 씨보 마토, 차피, Chocolat, Copter4016882, 코넬리우스, Cubismo Grafico, Cymbals, Dahlia, 플리퍼스 기타, Gulliver, Hazel Nuts Chocolate, Hi-Posi, Hideki Kaji, Kahimi Karie, Kiiiiiii, Kirinji, Macdonald Duck Eclair, m-flo, Misswonda, Nagisa Cosmetic, 마키 노미야, 카리야 노모토, 오자와 겐지, 오리지널 러브 (다지마 다카오), P&ART SASANOOOHA, 패리스 매치, Pine*AM, Plus-Tech Squeeze Box, 시이나 켄스케, 사운드 호라이즌, 스트로베리 머신, 미네카와 다카코, 오에 다쓰야 (캡틴 펑크), Towa Tei, 타코반장, 오노 요코, 스나하라 요시노리, 유카리 프레시 등이 있다. ","{'word': '시부야계', 'start_idx': 0, 'end_idx': 3, 'type': 'GEN'}","{'word': '마키 노미야', 'start_idx': 412, 'end_idx': 417, 'type': 'ART'}",gen:artist
509,"애니멀스, 플랫우드 맥, 존 메이올 & 블루스브레이커스, 롤링 스톤스, 야드버즈, 크림 그리고 아이리쉬 뮤지션인 로리 갤러거 (Rory Gallagher Corner) 등이 있는데, 그들은 전통 델타, 시카고 블루스에 기반한 클래식 블루스를 연주했다.","{'word': '클래식 블루스', 'start_idx': 126, 'end_idx': 132, 'type': 'GEN'}","{'word': 'Rory Gallagher Corne', 'start_idx': 71, 'end_idx': 90, 'type': 'ART'}",gen:artist
2361,"1960년대에 지미 헨드릭스는 블루스에 재즈, 로큰롤의 요소를 더한 사이키델릭 록을 시도했다.","{'word': '1960년대', 'start_idx': 0, 'end_idx': 5, 'type': 'DAT'}","{'word': '블루스', 'start_idx': 17, 'end_idx': 19, 'type': 'GEN'}",no_relation
2808,"비록 몇몇 재즈 애호가들이 재즈와 록의 혼합에 대해 항의했지만, 많은 재즈 혁신자들은 현대 하드 밥 장면에서 퓨전 장면으로 넘어왔다.","{'word': '재즈', 'start_idx': 6, 'end_idx': 7, 'type': 'GEN'}","{'word': '재즈', 'start_idx': 15, 'end_idx': 16, 'type': 'GEN'}",no_relation
3475,1960년 중반 자메이카 음악가들은 스카를 좀 더 느리게 연주하면서 오프 비트를 가미했고 알톤 엘리스는 이 음악을 자신의 음반에서 록스테디라 불렀다. 1960년대 말이 되자 음악가들은 리듬을 보다 느리게 하고 다른 여러가지 효과를 가미하여 레게를 만들게 되었다.,"{'word': '1960년대 말', 'start_idx': 84, 'end_idx': 91, 'type': 'DAT'}","{'word': '스카', 'start_idx': 20, 'end_idx': 21, 'type': 'GEN'}",no_relation
557,"특히 1959년에 데뷔한 이미자는 1960년대 왕성한 활동을 하는 가수 중 하나로 손꼽히며 이 시기에서 정상으로 올라 트로트의 중심에서 서 있던 가수다. 그리고 최희준, 김상희 등 고학력 가수들이 등장 하면서 학사 출신 가수들이 주목을 받았다.","{'word': '1959년', 'start_idx': 3, 'end_idx': 7, 'type': 'DAT'}","{'word': '최희준', 'start_idx': 90, 'end_idx': 92, 'type': 'ART'}",no_relation
3315,"이러한 발전은 재즈코어의 기원이며, 프리 재즈를 하드코어 펑크와 융합한 것이다.","{'word': '재즈코어', 'start_idx': 8, 'end_idx': 11, 'type': 'GEN'}","{'word': '하드코어 펑크', 'start_idx': 27, 'end_idx': 33, 'type': 'GEN'}",no_relation
1336,"클래비넷은 퍼커션 톤으로 사용되며, 스티비 원더의 'Superstition', 'Higher Ground', 빌 위더스(Bill Withers)의 'Use Me' 등의 곡으로 들을 수 있다.","{'word': '스티비 원더', 'start_idx': 20, 'end_idx': 25, 'type': 'ART'}","{'word': 'Use Me', 'start_idx': 83, 'end_idx': 88, 'type': 'POH'}",producer:product
2990,"클라이브 제임스에 따르면, 비밥은 ""재즈가 더 이상 자발적인 기쁨의 소리가 되지 않도록 하기 위해 노력한 전후의 음악적 발전이었다... 미국의 학생들은 일반적으로 전후 재즈의 주창자들이 자신들을 길들인 연예인들보다는 도전적인 예술가로서 내세우기로 결정했다는 데 동의한다."""" 전쟁의 종말은 """"미국에서 재즈 음악의 인기가 하락하기 시작한 시작""""과 함께 """"그것의 부활""""을 의미한다고 미국 학자인 마이클 H. 버쳇은 밝혔다.""","{'word': '클라이브 제임스', 'start_idx': 0, 'end_idx': 7, 'type': 'ART'}","{'word': '재즈', 'start_idx': 167, 'end_idx': 168, 'type': 'GEN'}",no_relation
1897,"시부야계 관련 뮤지션에는 피치카토 파이브, 고니시 야스하루, 판타스틱 플라스틱 머신, 캡슐, 나카타 야스타카, COLTEMONIKHA, Perfume, 고시지마 도시코, FreeTEMPO, DJ KAWASAKI, DJ Okawari, Daishi Dance, 800 Cherries, Buffalo Daughter, 세씨, 씨보 마토, 차피, Chocolat, Copter4016882, 코넬리우스, Cubismo Grafico, Cymbals, Dahlia, 플리퍼스 기타, Gulliver, Hazel Nuts Chocolate, Hi-Posi, Hideki Kaji, Kahimi Karie, Kiiiiiii, Kirinji, Macdonald Duck Eclair, m-flo, Misswonda, Nagisa Cosmetic, 마키 노미야, 카리야 노모토, 오자와 겐지, 오리지널 러브 (다지마 다카오), P&ART SASANOOOHA, 패리스 매치, Pine*AM, Plus-Tech Squeeze Box, 시이나 켄스케, 사운드 호라이즌, 스트로베리 머신, 미네카와 다카코, 오에 다쓰야 (캡틴 펑크), Towa Tei, 타코반장, 오노 요코, 스나하라 요시노리, 유카리 프레시 등이 있다. ","{'word': '시부야계', 'start_idx': 0, 'end_idx': 3, 'type': 'GEN'}","{'word': 'COLTEMONIKHA', 'start_idx': 62, 'end_idx': 73, 'type': 'ART'}",gen:artist
2423,"재즈의 쇠퇴와 록의 도래 사이의 과도기 시절인 1950년 대 초반에는 스탠다드 팝이 주류를 이루었는데 대표적인 가수로서는 빙 크로스비, 프랭크 시나트라, 팻 분, 냇 킹 콜 등이 있었다. ","{'word': '스탠다드 팝', 'start_idx': 39, 'end_idx': 44, 'type': 'GEN'}","{'word': '프랭크 시나트라', 'start_idx': 76, 'end_idx': 83, 'type': 'ART'}",gen:artist
1919,"시부야계 관련 뮤지션에는 피치카토 파이브, 고니시 야스하루, 판타스틱 플라스틱 머신, 캡슐, 나카타 야스타카, COLTEMONIKHA, Perfume, 고시지마 도시코, FreeTEMPO, DJ KAWASAKI, DJ Okawari, Daishi Dance, 800 Cherries, Buffalo Daughter, 세씨, 씨보 마토, 차피, Chocolat, Copter4016882, 코넬리우스, Cubismo Grafico, Cymbals, Dahlia, 플리퍼스 기타, Gulliver, Hazel Nuts Chocolate, Hi-Posi, Hideki Kaji, Kahimi Karie, Kiiiiiii, Kirinji, Macdonald Duck Eclair, m-flo, Misswonda, Nagisa Cosmetic, 마키 노미야, 카리야 노모토, 오자와 겐지, 오리지널 러브 (다지마 다카오), P&ART SASANOOOHA, 패리스 매치, Pine*AM, Plus-Tech Squeeze Box, 시이나 켄스케, 사운드 호라이즌, 스트로베리 머신, 미네카와 다카코, 오에 다쓰야 (캡틴 펑크), Towa Tei, 타코반장, 오노 요코, 스나하라 요시노리, 유카리 프레시 등이 있다. ","{'word': '시부야계', 'start_idx': 0, 'end_idx': 3, 'type': 'GEN'}","{'word': 'Hideki Kaji', 'start_idx': 308, 'end_idx': 318, 'type': 'ART'}",gen:artist
3292,아프리카계 미국인 사회의 많은 재즈 음악가들이 술집과 사창가에서 공연하기 위해 고용되었다.,"{'word': '재즈', 'start_idx': 17, 'end_idx': 18, 'type': 'GEN'}","{'word': '아프리카계 미국인 사회', 'start_idx': 0, 'end_idx': 11, 'type': 'COM'}",no_relation
1834,"또, 버즈, 밥 딜런, 밴 모리슨, 엘비스 프레슬리, 라이프하우스, U2, 래퍼 DMX는 기독교적 주제로 그들의 작품을 다루기도 하였지만 CCM 산업의 일부는 아니다. ","{'word': '밥 딜런', 'start_idx': 7, 'end_idx': 10, 'type': 'ART'}","{'word': 'CCM', 'start_idx': 77, 'end_idx': 79, 'type': 'GEN'}",no_relation
354,"처음으로 녹음된 아프리카계 미국인 가수는 마미 스미스, 1920년 페리 브래드포드의 〈Crazy Blues〉이다. 하지만 블루스 기원은 10년 전쯤 일찍인데, 1890년도 정도로 추정된다.","{'word': '페리 브래드포드', 'start_idx': 37, 'end_idx': 44, 'type': 'ART'}","{'word': '마미 스미스', 'start_idx': 23, 'end_idx': 28, 'type': 'ART'}",no_relation
1985,"발라드와 블루스는 미국 흑인의 포크송의 일종이다. 절망적인 심경을 표현한 것이 대부분이며, 12마디 단위의 형태를 취하는 것이 보통이다.","{'word': '미국 흑인', 'start_idx': 10, 'end_idx': 14, 'type': 'POH'}","{'word': '발라드', 'start_idx': 0, 'end_idx': 2, 'type': 'GEN'}",no_relation
1977,"오자와 켄지와 오야마다 케이고로 구성된 듀오 밴드 플리퍼의 기타는 이 장르의 기반을 다지고 시부야계 모든 밴드에 영향을 끼쳤으며, 시부야계의 가장 두드러진 밴드인 피치카토 파이브는 메인스트림 J-POP에 재즈, 소울, 라운지를 혼합하였다. ","{'word': '시부야계', 'start_idx': 51, 'end_idx': 54, 'type': 'GEN'}","{'word': '플리퍼', 'start_idx': 28, 'end_idx': 30, 'type': 'ART'}",gen:artist
66,"밀리언 셀러들이 속속들이 등장하고 슈퍼스타라고 이야기 될 만한 아티스트의 등장 그와 함께 수많은 사건, 사고 등 90년대부터 힙합은 누구도 부정할 수 없게 미국을 대표하는 음악 중 하나로 성장한다.","{'word': '미국을 대표하는 음악', 'start_idx': 87, 'end_idx': 97, 'type': 'POH'}","{'word': '90년대', 'start_idx': 63, 'end_idx': 66, 'type': 'DAT'}",product:origin
135,처음 발매된 블루스는 1908년 안토니오 마지오의 〈I Got the Blues〉이다.,"{'word': 'I Got the Blues', 'start_idx': 29, 'end_idx': 43, 'type': 'POH'}","{'word': '블루스', 'start_idx': 7, 'end_idx': 9, 'type': 'GEN'}",no_relation
2258,1977년 항공 사고로 리드 싱어 Ronnie Van Zant와 기타리스트 Steve Gaines가 사망하여 레너드 스키너드도 해산하였다.,"{'word': '레너드 스키너드', 'start_idx': 61, 'end_idx': 68, 'type': 'ART'}","{'word': 'Steve Gaines', 'start_idx': 42, 'end_idx': 53, 'type': 'ART'}",artist:member_of
1621,부기(또는 일렉트로 펑크)는 펑크와 포스트 디스코의 영향을 주로 받는 일렉트로음악이다.,"{'word': '일렉트로 펑크', 'start_idx': 6, 'end_idx': 12, 'type': 'GEN'}","{'word': '일렉트로음악', 'start_idx': 39, 'end_idx': 44, 'type': 'GEN'}",gen:super_genre
1387,"1784년에 ""머스트""""를 의미하는 """"펑키""""가 처음으로 문서화되었고"," 이것은 다시 초기 재즈 속어로 1900년경에 """"깊게 또는 강하게 느껴지는"""" 것에 대해 """"근본적인""""이라는 느낌을 갖게 했다.""","{'word': '재즈', 'start_idx': 48, 'end_idx': 49, 'type': 'GEN'}",no_relation
1096,슈게이징은 1990년과 1991년에 정점을 달렸으며 1990년대 중반까지 존재했다.,"{'word': '1991년', 'start_idx': 13, 'end_idx': 17, 'type': 'DAT'}","{'word': '슈게이징', 'start_idx': 0, 'end_idx': 3, 'type': 'GEN'}",no_relation
1258,"1970년에 발매된 그들의 데뷔 앨범 East Bay Grease는 펑크에서 중요한 이정표로 여겨진다. 1970년대 내내 TOP는 많은 히트곡을 냈고, 이 밴드는 펑크 음악을 성공적인 장르로 만드는 데 도움을 주었으며, 많은 청중들이 있었다.","{'word': '펑크', 'start_idx': 38, 'end_idx': 39, 'type': 'GEN'}","{'word': '1970년', 'start_idx': 0, 'end_idx': 4, 'type': 'DAT'}",no_relation
1684,"팝 음악(Pop Music)은 대중음악의 가장 기본이 되는 장르로서 쉽게 귀를 잡아끄는 리듬 요소, 멜로디와 후렴, 메인스트림 스타일과 전통적인 구조를 특징으로 하는 대중음악 장르이다.","{'word': 'Pop Music', 'start_idx': 5, 'end_idx': 13, 'type': 'GEN'}","{'word': '팝 음악', 'start_idx': 0, 'end_idx': 3, 'type': 'GEN'}",gen:alternate_name
2833,"2015년 켄드릭 라마는 그의 세 번째 스튜디오 앨범인 ""To Pimp a Butterfly""""를 발매했다.""","{'word': '2015년', 'start_idx': 0, 'end_idx': 4, 'type': 'DAT'}","{'word': 'To Pimp a Butterfly', 'start_idx': 32, 'end_idx': 50, 'type': 'POH'}",no_relation
3050,"재즈, 리듬과 블루스, 로큰롤 등에서 어디서나 볼 수 있는 블루스 형태는 call-and-response 패턴, 블루스 스케일, 특정 화음 진행 등이 특징이며, 이 중 12바 블루스가 가장 흔하다. 3도, 5도, 7도의 코드를 사용하는 것도 필수적인 부분이다.","{'word': '재즈', 'start_idx': 0, 'end_idx': 1, 'type': 'GEN'}","{'word': '블루스', 'start_idx': 33, 'end_idx': 35, 'type': 'GEN'}",gen:super_genre
2969,"하드밥(Hard bop)은 특히 색소폰과 피아노 연주에서 블루스, 리듬, 블루스, 가스펠의 영향을 통합한 비밥(또는 ""bop"""") 음악의 연장선이다.""","{'word': '하드밥', 'start_idx': 0, 'end_idx': 2, 'type': 'GEN'}","{'word': 'Hard bop', 'start_idx': 4, 'end_idx': 11, 'type': 'GEN'}",gen:alternate_name
381,로니 도니건이 얼마 후 본격적인 스키플 사운드를 지향하는 '로니 앤 히즈 스키플 그룹(Lonnie & His Skiffle Group)'과 함께 런던의 로얄 페스티벌 홀에서 연주회를 가졌을 때 영국의 로커빌리는 활성화되기 시작한다.,"{'word': '로니 앤 히즈 스키플 그룹', 'start_idx': 33, 'end_idx': 46, 'type': 'ART'}","{'word': '로커빌리', 'start_idx': 112, 'end_idx': 115, 'type': 'GEN'}",no_relation
1351,펑크잼은 1990년대에 등장한 퓨전 음악 장르다.,"{'word': '퓨전 음악', 'start_idx': 17, 'end_idx': 21, 'type': 'GEN'}","{'word': '펑크잼', 'start_idx': 0, 'end_idx': 2, 'type': 'GEN'}",gen:sub_genre
1540,지펑크는 갱스터 랩과 펑크가 어우러진 퓨전 장르의 음악이다.,"{'word': '지펑크', 'start_idx': 0, 'end_idx': 2, 'type': 'GEN'}","{'word': '펑크', 'start_idx': 12, 'end_idx': 13, 'type': 'GEN'}",gen:super_genre
2046,"전자 음악(電子音樂) 또는 일렉트로닉 뮤직(electronic music)은 전자기기를 사용한 음악의 한 장르로, 그 범위는 1940년대의 구체음악에서 오늘날의 대중음악까지 다양하다.","{'word': '대중음악', 'start_idx': 90, 'end_idx': 93, 'type': 'GEN'}","{'word': '전자 음악', 'start_idx': 0, 'end_idx': 4, 'type': 'GEN'}",no_relation
225,"클럽에서 대규모의 빅밴드와 함께 연주하던 스윙 재즈와는 달리, 대부분의 블루스 뮤지션들은 떠돌이 악사들 수준이었다.","{'word': '블루스', 'start_idx': 40, 'end_idx': 42, 'type': 'GEN'}","{'word': '스윙 재즈', 'start_idx': 23, 'end_idx': 27, 'type': 'GEN'}",no_relation
1969,"시부야계 장르는 1960년대 문화와 서양 팝 뮤직, 그 중에서도 특히 버트 바카라, 브라이언 윌슨, 필 스펙터, 가수 세르주 갱스부르의 오케스트라 음악에 강한 영향을 받았다.","{'word': '시부야계', 'start_idx': 0, 'end_idx': 3, 'type': 'GEN'}","{'word': '세르주 갱스부르', 'start_idx': 66, 'end_idx': 73, 'type': 'ART'}",no_relation
1849,"CCM(Contemporary Christian Music)이라는 장르는 1960년대 말과 1970년대 초에 예수 그리스도 운동이 부활하면서 공식적인 이름이 되었으며, 원래는 지저스 뮤직(Jesus music)으로 불렸다. ","{'word': 'CCM', 'start_idx': 0, 'end_idx': 2, 'type': 'GEN'}","{'word': '1960년대 말과 1970년대 초', 'start_idx': 41, 'end_idx': 58, 'type': 'DAT'}",gen:origin
2607,"남북전쟁 이후(1865년 이후) 흑인은 군용 베이스 드럼, 스네어 드럼 등을 얻을 수 있었고 리듬을 특징으로 하는 흑인 최초의 드럼과 음악이 등장했다.","{'word': '남북전쟁', 'start_idx': 0, 'end_idx': 3, 'type': 'DAT'}","{'word': '1865년', 'start_idx': 8, 'end_idx': 12, 'type': 'DAT'}",no_relation
930,"컨템포러리 컨트리의 세부 장르로는 네오 트레디셔널 컨트리, 어반 카우보이 등이 있다.","{'word': '어반 카우보이', 'start_idx': 33, 'end_idx': 39, 'type': 'GEN'}","{'word': '컨템포러리 컨트리', 'start_idx': 0, 'end_idx': 8, 'type': 'GEN'}",gen:super_genre
2810,"시카고는 ""핫 재즈""""를 개발하고 있었고"," 올리버 킹은 빌 존슨과 합류했다.""","{'word': '올리버 킹', 'start_idx': 23, 'end_idx': 27, 'type': 'ART'}",no_relation
1984,"1965년에 <미스터 탬버린 맨>이 히트한 이래, 이러한 스타일이 널리 시도되기에 이르렀다. ","{'word': '미스터 탬버린 맨', 'start_idx': 8, 'end_idx': 16, 'type': 'POH'}","{'word': '1965년', 'start_idx': 0, 'end_idx': 4, 'type': 'DAT'}",product:origin
1694,"길렛, 찰리 (1970) ""The Sound of the City. The Rise of Rock and Roll."""" Outerbridge & Dienstfrey.""","{'word': 'Outerbridge & Dienstfrey', 'start_idx': 66, 'end_idx': 89, 'type': 'COM'}","{'word': '1970', 'start_idx': 8, 'end_idx': 11, 'type': 'DAT'}",no_relation
1185,"이전에 팝 소울의 뚜렷한 혼합물인 ""Motown Sound""""를 정의하는 것을 도왔던 The Travitations는 1960년대 말에 또한 이 새로운 사이키델릭 사운드를 채택했다.""","{'word': 'The Travitations', 'start_idx': 47, 'end_idx': 62, 'type': 'ART'}","{'word': '사이키델릭 사운드', 'start_idx': 84, 'end_idx': 92, 'type': 'GEN'}",no_relation
1887,1990년대 아이돌 음악이나 엔카등 전형적인 일본 음악에 반기를 든 젊은 뮤지션들이 서구의 클럽음악인 일렉트로닉 계열이나 프렌치팝 등을 차용하여 시부야계 음악을 만들기 시작하였다. ,"{'word': '시부야계 음악', 'start_idx': 81, 'end_idx': 87, 'type': 'GEN'}","{'word': '프렌치팝', 'start_idx': 68, 'end_idx': 71, 'type': 'GEN'}",gen:super_genre
3111,1980년대는 1970년대를 지배했던 퓨전 재즈와 프리 재즈에 대한 반작용을 보았다.,"{'word': '1980년대', 'start_idx': 0, 'end_idx': 5, 'type': 'DAT'}","{'word': '퓨전 재즈', 'start_idx': 21, 'end_idx': 25, 'type': 'GEN'}",no_relation
3316,"이러한 발전은 재즈코어의 기원이며, 프리 재즈를 하드코어 펑크와 융합한 것이다.","{'word': '프리 재즈', 'start_idx': 20, 'end_idx': 24, 'type': 'GEN'}","{'word': '하드코어 펑크', 'start_idx': 27, 'end_idx': 33, 'type': 'GEN'}",no_relation
1893,"시부야계 관련 뮤지션에는 피치카토 파이브, 고니시 야스하루, 판타스틱 플라스틱 머신, 캡슐, 나카타 야스타카, COLTEMONIKHA, Perfume, 고시지마 도시코, FreeTEMPO, DJ KAWASAKI, DJ Okawari, Daishi Dance, 800 Cherries, Buffalo Daughter, 세씨, 씨보 마토, 차피, Chocolat, Copter4016882, 코넬리우스, Cubismo Grafico, Cymbals, Dahlia, 플리퍼스 기타, Gulliver, Hazel Nuts Chocolate, Hi-Posi, Hideki Kaji, Kahimi Karie, Kiiiiiii, Kirinji, Macdonald Duck Eclair, m-flo, Misswonda, Nagisa Cosmetic, 마키 노미야, 카리야 노모토, 오자와 겐지, 오리지널 러브 (다지마 다카오), P&ART SASANOOOHA, 패리스 매치, Pine*AM, Plus-Tech Squeeze Box, 시이나 켄스케, 사운드 호라이즌, 스트로베리 머신, 미네카와 다카코, 오에 다쓰야 (캡틴 펑크), Towa Tei, 타코반장, 오노 요코, 스나하라 요시노리, 유카리 프레시 등이 있다. ","{'word': '시부야계', 'start_idx': 0, 'end_idx': 3, 'type': 'GEN'}","{'word': '고니시 야스하루', 'start_idx': 24, 'end_idx': 31, 'type': 'ART'}",gen:artist
2619,"하바나와 뉴올리언스의 음악가들은 두 도시 사이를 매일 두 번 왕복하는 나룻배를 타고 공연을 하였고, 하바네라는 음악적으로 비옥한 이 도시에 재빨리 뿌리를 내렸다.","{'word': '하바네라', 'start_idx': 56, 'end_idx': 59, 'type': 'GEN'}","{'word': '뉴올리언스', 'start_idx': 5, 'end_idx': 9, 'type': 'LOC'}",gen:origin
3142,"재즈 랩은 거의 주류를 이루지는 못했지만, 마일즈 데이비스의 마지막 앨범 Doo-Bop(1992년 사후에 발매)은 힙합 비트와 프로듀서 이지 모비와의 협업을 바탕으로 만들어졌다.","{'word': 'Doo-Bop', 'start_idx': 41, 'end_idx': 47, 'type': 'POH'}","{'word': '마일즈 데이비스', 'start_idx': 24, 'end_idx': 31, 'type': 'ART'}",product:origin
922,"얼터너티브 컨트리의 세부장르로는 얼터너티브 컨트리 록과 아메리카나, 네오 트레디셔널 포크가 있다.","{'word': '얼터너티브 컨트리', 'start_idx': 0, 'end_idx': 8, 'type': 'GEN'}","{'word': '아메리카나', 'start_idx': 31, 'end_idx': 35, 'type': 'GEN'}",gen:sub_genre
488,"영국안에서, 밴드들은 전설적인 미국 블루스들을 따라하기 시작했고, 록을 기반으로한 영국 블루스 밴드는 1960년대에 막대한 영향을 끼치게 된다.","{'word': '영국', 'start_idx': 0, 'end_idx': 1, 'type': 'LOC'}","{'word': '1960년대', 'start_idx': 57, 'end_idx': 62, 'type': 'DAT'}",no_relation
2799,"1912년 그의 ""Memphis Blues"""" 악보가 출판되면서 12바 블루스를 세계에 소개하였다.""","{'word': '1912년', 'start_idx': 0, 'end_idx': 4, 'type': 'DAT'}","{'word': 'Memphis Blues', 'start_idx': 10, 'end_idx': 22, 'type': 'POH'}",no_relation
827,어쿠스틱은 카우보이 음악의 정신이었지만 보통 컨트리 뮤직에서 살아남았던 특별한 스탠다드 곡보다는 몇몇 아티스트들은 전통을 보존하려고 했고 그들의 관객들에게 정확한 카우보이 송을 가르쳤다.,"{'word': '카우보이 음악', 'start_idx': 6, 'end_idx': 12, 'type': 'GEN'}","{'word': '카우보이 송', 'start_idx': 91, 'end_idx': 96, 'type': 'GEN'}",gen:alternate_name
3373,마이어와 아서 존스턴은 암스트롱의 단독 즉흥연주(1924년 녹음)와 비교되었다..,"{'word': '단독 즉흥연주', 'start_idx': 19, 'end_idx': 25, 'type': 'POH'}","{'word': '1924년', 'start_idx': 27, 'end_idx': 31, 'type': 'DAT'}",no_relation
326,"블루스는 아프리카 전통 음악과 노동요, 그리고 유럽계 미국인의 포크송을 뿌리로 두는데, 구체적으로 스피릿튜얼스, 노동요, 필드홀러, 링 샤우트, 찬트, 그리고 리듬이 간단하고 경험을 풀어낸 발라드 등이 합쳐져 개인이 부르는 노래로 바뀌어 블루스가 되었다고 한다.","{'word': '블루스', 'start_idx': 0, 'end_idx': 2, 'type': 'GEN'}","{'word': '아프리카 전통 음악', 'start_idx': 5, 'end_idx': 14, 'type': 'GEN'}",gen:super_genre
3061,"멤버가 백인인 오리지널 딕시랜드 재즈 밴드는 최초로 레코딩한 재즈 그룹이었고, 빅스 비더벡은 1920년대 대표적인 재즈 솔로 연주자 중 한 명이었다.","{'word': '재즈', 'start_idx': 34, 'end_idx': 35, 'type': 'GEN'}","{'word': '1920년대', 'start_idx': 52, 'end_idx': 57, 'type': 'DAT'}",no_relation
2070,"1990년대는 주류 음악계가 얼터너티브 열풍을 필두로 상당한 변화를 겪었다. 그 열풍 속에서 팝 음악의 요소와 펑크 록을 혼합한 팝펑크가 생겨났다. 대표적인 아티스트로 그린데이, 오프스프링, 블링크-182 등이 있다.","{'word': '블링크-182', 'start_idx': 107, 'end_idx': 113, 'type': 'ART'}","{'word': '그린데이', 'start_idx': 94, 'end_idx': 97, 'type': 'ART'}",no_relation
2130,"1995년 6월 Nervous Records와 Project X Magazine은 첫 'Dance Music Award'를 취재했는데, 이것을 'Electronic Dance Music'이라고 칭하였다.","{'word': 'Dance Music Award', 'start_idx': 49, 'end_idx': 65, 'type': 'GEN'}","{'word': 'Project X Magazine', 'start_idx': 26, 'end_idx': 43, 'type': 'COM'}",no_relation
586,1966년에는 《동숙의 노래》로 데뷔한 문주란이 있었는데 허스키한 목소리가 매력적인 가수로 손꼽혔다.,"{'word': '동숙의 노래', 'start_idx': 9, 'end_idx': 14, 'type': 'POH'}","{'word': '문주란', 'start_idx': 22, 'end_idx': 24, 'type': 'ART'}",product:origin
665,"1977년에는 그룹사운드 '히식스', '최헌과 검은나비' 등을 결성 해 보컬과 기타리스트로 활동 하던 최헌의 《오동잎》이 후반에 히트 하였고 이성애가 일본에서 데뷔 하면서 트로트를 소개 했다.","{'word': '최헌', 'start_idx': 57, 'end_idx': 58, 'type': 'ART'}","{'word': '오동잎', 'start_idx': 62, 'end_idx': 64, 'type': 'POH'}",producer:product
3431,"디스코""라는 용어는 """"레코드 라이브러리""""를 의미하는 프랑스어 낱말 디스코테크(discoth?que)에서 비롯된 것이다.""","{'word': '디스코', 'start_idx': 1, 'end_idx': 3, 'type': 'GEN'}","{'word': 'discoth?que', 'start_idx': 44, 'end_idx': 54, 'type': 'POH'}",gen:origin
650,현철은 1989년에 《봉선화 연정》으로 KBS 가요대상 본상을 수상하면서 트로트 황제의 위력을 전국에 전파 시키기도 했다.,"{'word': '1989년', 'start_idx': 4, 'end_idx': 8, 'type': 'DAT'}","{'word': '봉선화 연정', 'start_idx': 12, 'end_idx': 17, 'type': 'POH'}",no_relation
2674,1900년대 초에는 인종 차별 법으로 인해 재즈가 아프리카계 미국인과 뮬라토 공동체에서 주로 공연되었다.,"{'word': '재즈', 'start_idx': 24, 'end_idx': 25, 'type': 'GEN'}","{'word': '아프리카계 미국인', 'start_idx': 28, 'end_idx': 36, 'type': 'COM'}",no_relation
1634,"스튜어트는 대중적인 느낌이 뉴올리언즈 음악, 제임스 브라운의 음악을 통해 1970년대의 대중음악으로 전해졌다고 말한다.","{'word': '1970년대', 'start_idx': 41, 'end_idx': 46, 'type': 'DAT'}","{'word': '뉴올리언즈 음악', 'start_idx': 15, 'end_idx': 22, 'type': 'GEN'}",no_relation
3099,재즈 랩은 1980년대 후반과 1990년대 초반에 발달하여 재즈적 영향력을 힙합에 접목시켰다.,"{'word': '재즈 랩', 'start_idx': 0, 'end_idx': 3, 'type': 'GEN'}","{'word': '재즈', 'start_idx': 33, 'end_idx': 34, 'type': 'GEN'}",gen:super_genre
687,"1970년 대에는 신인 가수였던 남진, 나훈아가 라이벌 2인 체제를 이루어 대한민국 가요계를 주름 잡았다. 이 시기에는 통기타 가수, 포크송 가수 등 여러 장르의 가수들이 대거 등장 하였지만 트로트 가수였던 남진, 나훈아의 인기가 더 많았기 때문에 트로트가 아직까지 장악하고 있었다.","{'word': '남진', 'start_idx': 18, 'end_idx': 19, 'type': 'ART'}","{'word': '트로트', 'start_idx': 139, 'end_idx': 141, 'type': 'GEN'}",no_relation
420,"캔자스 시티의 지역 밴드, 베니 모텐의 캔자스 시티 오케스트라, 제이 맥샨, 그리고 the 카운트 베이시 오케스트라 또한 블루스에 집중되어 있었고, 12마디 진행을 토대로한 베이시의 〈One O'Clock Jump〉, 〈Jumpin' at the Woodside〉 그리고 지미 러싱의 〈Blues Shouting〉 , 〈Going to Chicago〉, 〈Sent for You Yesterday〉를 예로 들수 있다. 1940년, 재즈의 관악기 편성을 받아들임과 더불어, 렉 타임, 부기우기의 전통을 받아들여 탄생된 또 다른 어반 블루스 스타일이 있는데, 바로 점프 블루스이다.","{'word': '점프 블루스', 'start_idx': 314, 'end_idx': 319, 'type': 'GEN'}","{'word': '부기우기', 'start_idx': 270, 'end_idx': 273, 'type': 'GEN'}",gen:super_genre
3211,"조지 브루니스, 샤키 보나노 등의 그가 고용한 탑 음악가들이 많아 '화이트 재즈의 아버지'로 통했다.","{'word': '화이트 재즈', 'start_idx': 38, 'end_idx': 43, 'type': 'GEN'}","{'word': '조지 브루니스', 'start_idx': 0, 'end_idx': 6, 'type': 'ART'}",gen:artist
2522,"록음악이 1950년대 초 미국에서 처음 생겼을 때는 로큰롤이라고 불렀는데, 기성 세대들은 로큰롤을 한 때의 유행으로 받아들여 무시하거나 사회에 대한 도전이라고 비난했다. (기성 세대는 이전에는 스탠다드 팝을 즐겼다.) ","{'word': '미국', 'start_idx': 14, 'end_idx': 15, 'type': 'LOC'}","{'word': '1950년대 초', 'start_idx': 5, 'end_idx': 12, 'type': 'DAT'}",no_relation
1717,"플레전트, 헨리 (1969) ""Serious Music and All That Jazz"""". Simon & Schuster.""","{'word': '1969', 'start_idx': 10, 'end_idx': 13, 'type': 'DAT'}","{'word': 'Serious Music and All That Jazz', 'start_idx': 17, 'end_idx': 47, 'type': 'POH'}",no_relation
3298,"그러나 평론가 요아힘-에른스트 베렌트는 재즈를 ""유럽 음악과 흑인의 대립을 통해 미국에서 유래된 예술 음악의 형식""""으로 정의하고"," 재즈가 """"특수한 시간과의 관계""""를 가지고 있다는 점에서 유럽 음악과는 다르다고 주장하면서"," 그것의 기준 조건과 정의가 더 넓어져야 한다고 주장한다.""",no_relation
3499,"차일드 발라드에 포함된 것과 같은 기원이 오래된 전승 발라드에 대하여, 대체로 19세기 이후 영국이나 미국에서 실제로 일어난 일들을 노래한 발라드를 ""브로드사이드 발라드""""(Broadside Ballade)라 부르고 있다.""","{'word': '브로드사이드 발라드', 'start_idx': 84, 'end_idx': 93, 'type': 'GEN'}","{'word': '영국', 'start_idx': 52, 'end_idx': 53, 'type': 'LOC'}",gen:origin
344,현재까지도 찾아볼수있는 1920년대 이전 음악은 〈Lead Belly〉 와 〈Henry Thomas〉가 있다.,"{'word': 'Henry Thomas', 'start_idx': 43, 'end_idx': 54, 'type': 'POH'}","{'word': '1920년대 이전', 'start_idx': 13, 'end_idx': 21, 'type': 'DAT'}",product:origin
2854,"1986년, 소니 샤르록, 피터 브뢰츠만, 빌 라스웰, 로널드 섀넌 잭슨은 래스트 엑스포트라는 이름으로 첫 앨범을 녹음했는데, 이는 thrash와 프리 재즈의 유사하게 공격적인 혼합이다.","{'word': '래스트 엑스포트', 'start_idx': 42, 'end_idx': 49, 'type': 'POH'}","{'word': '피터 브뢰츠만', 'start_idx': 15, 'end_idx': 21, 'type': 'ART'}",artist:member_of
3047,"1914년부터, 크리올과 아프리카계 미국인 음악가들은 미국 북부와 서부의 도시들에서 재즈 연주를 했다.","{'word': '아프리카계 미국인 음악가', 'start_idx': 14, 'end_idx': 26, 'type': 'COM'}","{'word': '미국 북부와 서부', 'start_idx': 30, 'end_idx': 38, 'type': 'LOC'}",no_relation
2277,하드 록이 탄생하는 데 결정적인 역할을 한 곡은 엘비스 프레슬리가 1956년에 발표한 로커빌리 스타일의 'Hound Dog'이었다.,"{'word': '1956년', 'start_idx': 37, 'end_idx': 41, 'type': 'DAT'}","{'word': 'Hound Dog', 'start_idx': 59, 'end_idx': 67, 'type': 'POH'}",no_relation
2621,"하바나와 뉴올리언스의 음악가들은 두 도시 사이를 매일 두 번 왕복하는 나룻배를 타고 공연을 하였고, 하바네라는 음악적으로 비옥한 이 도시에 재빨리 뿌리를 내렸다.","{'word': '뉴올리언스', 'start_idx': 5, 'end_idx': 9, 'type': 'LOC'}","{'word': '하바나', 'start_idx': 0, 'end_idx': 2, 'type': 'LOC'}",no_relation
753,"그런가 하면 자매 가수들도 많은 활동을 했는데 《워싱턴 광장》, 《울릉도 트위스트》등을 부른 정씨스터즈를 비롯 해 《남성 금지구역》, 《화진포에서 맺은 사랑》등을 부른 이씨스터즈, 《마포종점》, 《삼천포 아가씨》등을 부른 은방울 자매가 유명하다.","{'word': '남성 금지구역', 'start_idx': 65, 'end_idx': 71, 'type': 'POH'}","{'word': '이씨스터즈', 'start_idx': 94, 'end_idx': 98, 'type': 'ART'}",product:origin
351,"처음으로 녹음된 아프리카계 미국인 가수는 마미 스미스, 1920년 페리 브래드포드의 〈Crazy Blues〉이다. 하지만 블루스 기원은 10년 전쯤 일찍인데, 1890년도 정도로 추정된다.","{'word': '페리 브래드포드', 'start_idx': 37, 'end_idx': 44, 'type': 'ART'}","{'word': 'Crazy Blues', 'start_idx': 48, 'end_idx': 58, 'type': 'POH'}",producer:product
1053,해방 이후 1970년대까지 크게 유행한 한국 대중 음악 노래들은 다음과 같은 것들이 있다.,"{'word': '1970년대', 'start_idx': 6, 'end_idx': 11, 'type': 'DAT'}","{'word': '대중 음악', 'start_idx': 25, 'end_idx': 29, 'type': 'GEN'}",no_relation
964,홍키 통크는 2차 세계대전 당시 인기를 끌었고 어니스트 터브가 최초의 스타였지만 그러나 홍키 통크의 전성기는 50년대였다.,"{'word': '홍키 통크', 'start_idx': 0, 'end_idx': 4, 'type': 'GEN'}","{'word': '어니스트 터브', 'start_idx': 26, 'end_idx': 32, 'type': 'ART'}",gen:artist
3421,"또한, 16비트 음악인 펑크(Funk)의 빠른 템포를 빌려온 것으로 춤 추기 좋은 8비트의 흥겨운 곡조로 변형된 것이다.","{'word': 'Funk', 'start_idx': 16, 'end_idx': 19, 'type': 'GEN'}","{'word': '펑크', 'start_idx': 13, 'end_idx': 14, 'type': 'GEN'}",gen:alternate_name
1588,"이 무렵 펑크를 정의한 또 다른 그룹은 이즐레이 브라더스였는데, 그들의 펑키한 1969년 1위 R&B 히트곡 ""It's Your Thing""""은 브라운의 재즈 사운드와 지미 핸드릭스의 사이키델릭 록"," 그리고 슬라이 & 더 패밀리 스톤과 Mother's Finest 등은 흑인 음악의 돌파구를 예고했다.""","{'word': ""It's Your Thing""""",product:origin
3110,"존 조른은 펑크 록에서 유행하고 있는 속도와 불협화음에 중점을 두고, Spy vs. Spy의 발매와 함께 이것을 프리 재즈에 접목시켰다.","{'word': '존 조른', 'start_idx': 0, 'end_idx': 3, 'type': 'ART'}","{'word': '프리 재즈', 'start_idx': 63, 'end_idx': 67, 'type': 'GEN'}",no_relation
901,카우보이 송의 공연과 생산은 전후 맥락에 크게 의존하는데 영화 사운드트랙은 보통 현대적인 사운드트랙 스타일의 오케스트라로 녹음을 했지만 선즈 오브 파이오니어와 같은 옛날 그룹은 전통적인 어쿠스틱 악기에 의존했다.,"{'word': '사운드트랙', 'start_idx': 50, 'end_idx': 54, 'type': 'GEN'}","{'word': '사운드트랙', 'start_idx': 35, 'end_idx': 39, 'type': 'GEN'}",no_relation
307,"왜냐하면 미국의 싸이키델릭 블루스는 무엇보다도 중요한 사회 참여 의식과 저항의 횃불을 간직하고 있었고, 또 그것이 60년대 대중 음악사의 얼굴이었기 때문이다.","{'word': '미국의 싸이키델릭 블루스', 'start_idx': 5, 'end_idx': 17, 'type': 'GEN'}","{'word': '60년대', 'start_idx': 64, 'end_idx': 67, 'type': 'DAT'}",no_relation
2393,"길레스피와 파커는 잭 티가든, 얼 하인즈, 제이 맥샨 등과 같은 비밥 연주가들과 자주 순회 공연을 하였다.","{'word': '잭 티가든', 'start_idx': 10, 'end_idx': 14, 'type': 'ART'}","{'word': '비밥', 'start_idx': 36, 'end_idx': 37, 'type': 'GEN'}",no_relation
2663,"1950년대와 1960년대를 거치면서 딕시랜드(Dixieland)는 비록 비평가들은 거의 신경을 쓰지 않았지만 미국, 유럽, 일본에서 상업적으로 가장 인기 있는 재즈 스타일 중 하나였다.","{'word': '미국', 'start_idx': 62, 'end_idx': 63, 'type': 'LOC'}","{'word': 'Dixieland', 'start_idx': 26, 'end_idx': 34, 'type': 'GEN'}",no_relation
2850,"재즈 퓨전은 일본에서도 인기가 있었는데, 그 곳에서 밴드 카시오페아는 30장이 넘는 퓨전 앨범을 발매했다.","{'word': '재즈 퓨전', 'start_idx': 0, 'end_idx': 4, 'type': 'GEN'}","{'word': '일본', 'start_idx': 7, 'end_idx': 8, 'type': 'LOC'}",no_relation
3482,1959년에서 1961년 사이 자메이카에서 시작된 스카는 자메이카 전통 음악인 멘토를 기반으로 발전한 음악 장르였다. ,"{'word': '1959년에서 1961년 사이', 'start_idx': 0, 'end_idx': 15, 'type': 'DAT'}","{'word': '자메이카', 'start_idx': 17, 'end_idx': 20, 'type': 'LOC'}",no_relation
2326,"비틀즈의 《Helter Skelter》, 더 후의 《I Can See for Miles》,크림의 《Crossroads》, 킹크스의 《You Really Got Me》는 하드 록의 초기 형식을 대표하는 곡들이다.","{'word': '더 후', 'start_idx': 23, 'end_idx': 25, 'type': 'ART'}","{'word': 'Crossroads', 'start_idx': 55, 'end_idx': 64, 'type': 'POH'}",no_relation
2525,이 일반적인 형태는 버디 홀리가 고안해냈고 비틀즈가 확립했다. 록 음악은 전통적으로는 백비트가 있는 4/4 박자의 반복적인 리듬을 자주 사용한다.,"{'word': '록 음악', 'start_idx': 35, 'end_idx': 38, 'type': 'GEN'}","{'word': '비틀즈', 'start_idx': 24, 'end_idx': 26, 'type': 'ART'}",no_relation
2787,"블루스는 1860년대 미국 딥사우스에서 아프리카 음악 전통, 아프리카계 미국인의 작업 노래, 영적인 것에 뿌리를 둔 흑인들에 의해 유래된 음악 장르와 음악 형식이다.","{'word': '블루스', 'start_idx': 0, 'end_idx': 2, 'type': 'GEN'}","{'word': '아프리카 음악 전통', 'start_idx': 22, 'end_idx': 31, 'type': 'COM'}",gen:origin
2765,"화이트맨의 성공은 하인스(1928년 시카고의 그랜드 테라스 카페에서 시작), 듀크 엘링턴(1927년 할렘의 코튼 클럽에서 시작), 리오넬 햄튼, 플레처 헨더슨, 클로드 홉킨스, 돈 레드먼 등 흑인들의 재즈를 발전시키는 계기가 됐다.","{'word': '흑인들의 재즈', 'start_idx': 107, 'end_idx': 113, 'type': 'GEN'}","{'word': '듀크 엘링턴', 'start_idx': 43, 'end_idx': 48, 'type': 'ART'}",gen:artist
3184,"세속적인 재즈 뮤지션들은 종종 그들의 레퍼토리의 일부로 찬송가를 연주하거나 듀크 엘링턴의 ""블랙 앤 베이지 스위트""""의 일부인 """"Come Sunday""""와 같은 곡을 공연했고 후에 많은 다른 재즈 아티스트들이 블랙 가스펠 음악에서 빌렸다.""","{'word': '블랙 앤 베이지 스위트', 'start_idx': 51, 'end_idx': 62, 'type': 'POH'}","{'word': 'Come Sunday', 'start_idx': 71, 'end_idx': 81, 'type': 'POH'}",no_relation
2261,"롤링 스톤즈, 비틀즈, 야드버즈, 더 후, 킹크스 등의 영국 락 밴드들은 락앤롤을 변화시키고 기존의 장르에 강한 사운드와 무거운 기타 리프, 과장된 드럼소리와 성량이 큰 보컬을 더했다. 이런 사운드는 하드 록의 기본이 되었다.","{'word': '롤링 스톤즈', 'start_idx': 0, 'end_idx': 5, 'type': 'ART'}","{'word': '락앤롤', 'start_idx': 41, 'end_idx': 43, 'type': 'GEN'}",no_relation
1312,"장르에 속하는 행위로는 독일의 밴드 Can, 미국의 아티스트 슬라이 스톤, 조지 클린턴 등이 있으며 1980년대 초 영국과 미국의 포스트펑크 아티스트, 1970년대 후반의 뉴욕 노 웨이브 씬(no wave scene)의 아티스트들도 오넷 콜맨과 같은 인물의 영향을 받아 아방가르드 펑크를 시작했다.","{'word': '아방가르드 펑크', 'start_idx': 151, 'end_idx': 158, 'type': 'GEN'}","{'word': 'Can', 'start_idx': 20, 'end_idx': 22, 'type': 'ART'}",no_relation
146,"그 뒤를 이어 하트 반드의 〈Dallas Blues〉가 1912년 발매되었고, W.C. 핸디의 〈Memphis Blues〉가 같은 해에 나왔다.","{'word': 'Memphis Blues', 'start_idx': 54, 'end_idx': 66, 'type': 'POH'}","{'word': '1912년', 'start_idx': 31, 'end_idx': 35, 'type': 'DAT'}",product:origin
2804,"색소폰 연주자 그레그 오스비, 찰스 게일 등 일부 연주자에 의해 확고한 아방가르드 또는 프리 재즈가 유지되고 있는 반면 제임스 카터 등 다른 연주자는 프리 재즈 요소를 보다 전통적인 틀에 편입시켰다.","{'word': '프리 재즈', 'start_idx': 49, 'end_idx': 53, 'type': 'GEN'}","{'word': '그레그 오스비', 'start_idx': 8, 'end_idx': 14, 'type': 'ART'}",gen:artist
2770,"화이트맨의 성공은 하인스(1928년 시카고의 그랜드 테라스 카페에서 시작), 듀크 엘링턴(1927년 할렘의 코튼 클럽에서 시작), 리오넬 햄튼, 플레처 헨더슨, 클로드 홉킨스, 돈 레드먼 등 흑인들의 재즈를 발전시키는 계기가 됐다.","{'word': '1928년', 'start_idx': 14, 'end_idx': 18, 'type': 'DAT'}","{'word': '1927년', 'start_idx': 50, 'end_idx': 54, 'type': 'DAT'}",no_relation
2512,관습적으로 락이 악마의 음악이라고 불리는 이유가 있다. 대표적으로 락 이전에 존재했던 블루스는 악마의 음악으로 불리었다. ,"{'word': '락', 'start_idx': 6, 'end_idx': 6, 'type': 'GEN'}","{'word': '블루스', 'start_idx': 48, 'end_idx': 50, 'type': 'GEN'}",no_relation
997,컨트리 가스펠 : 컨트리 가스펠은 컨트리 뮤직에서 가장 오래된 장르이다.,"{'word': '컨트리 가스펠', 'start_idx': 0, 'end_idx': 6, 'type': 'GEN'}","{'word': '컨트리 가스펠', 'start_idx': 10, 'end_idx': 16, 'type': 'GEN'}",gen:alternate_name
1278,"펑크에서 베이스는 음소거된 리듬의 고스트 노트의 사용 때문에 부분적으로 ""퍼커시브한 느낌""""을 가지고 있다.""","{'word': '펑크', 'start_idx': 0, 'end_idx': 1, 'type': 'GEN'}","{'word': '퍼커시브한 느낌', 'start_idx': 41, 'end_idx': 48, 'type': 'POH'}",no_relation
3236,"재즈 록 퓨전(Jazz-rock Fusion)은 1960년대 후반과 1970년대 초에 재즈 즉흥 연주와 록 음악의 리듬, 전자 악기, 고도로 증폭된 무대 사운드를 결합하여 등장했다.","{'word': '재즈 록 퓨전', 'start_idx': 0, 'end_idx': 6, 'type': 'GEN'}","{'word': '재즈', 'start_idx': 48, 'end_idx': 49, 'type': 'GEN'}",gen:super_genre
1432,Timba는 펑키한 쿠바의 인기 댄스 음악의 일종이다.,"{'word': '인기 댄스 음악', 'start_idx': 15, 'end_idx': 22, 'type': 'GEN'}","{'word': 'Timba', 'start_idx': 0, 'end_idx': 4, 'type': 'GEN'}",gen:sub_genre
417,"캔자스 시티의 지역 밴드, 베니 모텐의 캔자스 시티 오케스트라, 제이 맥샨, 그리고 the 카운트 베이시 오케스트라 또한 블루스에 집중되어 있었고, 12마디 진행을 토대로한 베이시의 〈One O'Clock Jump〉, 〈Jumpin' at the Woodside〉 그리고 지미 러싱의 〈Blues Shouting〉 , 〈Going to Chicago〉, 〈Sent for You Yesterday〉를 예로 들수 있다. 1940년, 재즈의 관악기 편성을 받아들임과 더불어, 렉 타임, 부기우기의 전통을 받아들여 탄생된 또 다른 어반 블루스 스타일이 있는데, 바로 점프 블루스이다.","{'word': '지미 러싱', 'start_idx': 152, 'end_idx': 156, 'type': 'ART'}","{'word': 'Blues Shouting', 'start_idx': 160, 'end_idx': 173, 'type': 'POH'}",producer:product
2475,이런 가수들은 모드 사조를 이끌었는데 이것은 프랑스의 누벨바그 사조에 영향을 받은 것이었다. ,"{'word': '모드 사조', 'start_idx': 8, 'end_idx': 12, 'type': 'GEN'}","{'word': '누벨바그 사조', 'start_idx': 30, 'end_idx': 36, 'type': 'GEN'}",gen:super_genre
3456,레게(Reggae)는 1960년대 후반 자메이카에서 발전한 음악 장르이다. 자메이카 음악의 한 장르인 스카와 록스테디에서 출발하여 여러 음악 장르의 영향을 받아 발전 하였다.,"{'word': 'Reggae', 'start_idx': 3, 'end_idx': 8, 'type': 'GEN'}","{'word': '1960년대 후반', 'start_idx': 12, 'end_idx': 20, 'type': 'DAT'}",gen:origin
1553,"브라운의 혁신은 그와 그의 밴드의 여러 펑크 곡들로 이어졌고, 그들은 ""Cold Sweat""""(1967)"," """"Mother Popcorn""""(1969)"," """"Get Upper (I Feel Like A) Sex Machine""""(1970)과 같은 발표로 펑크 음악 스타일을 더욱 전면에 밀어 넣었고",no_relation
1420,DU's의 매우 강력한 펑크 앨범은 1996년 발매된 Future Rhythm이었다.,"{'word': 'Future Rhythm', 'start_idx': 30, 'end_idx': 42, 'type': 'POH'}","{'word': '1996년', 'start_idx': 20, 'end_idx': 24, 'type': 'DAT'}",product:origin
2519,"록음악이 1950년대 초 미국에서 처음 생겼을 때는 로큰롤이라고 불렀는데, 기성 세대들은 로큰롤을 한 때의 유행으로 받아들여 무시하거나 사회에 대한 도전이라고 비난했다. (기성 세대는 이전에는 스탠다드 팝을 즐겼다.) ","{'word': '록음악', 'start_idx': 0, 'end_idx': 2, 'type': 'GEN'}","{'word': '미국', 'start_idx': 14, 'end_idx': 15, 'type': 'LOC'}",gen:origin
3353,재즈는 19세기 후반에서 20세기 초반에 아프리카와 노예 민요와 서아프리카 문화의 영향을 결합한 미국과 유럽의 클래식 음악의 해석으로 시작되었다.,"{'word': '19세기 후반에서 20세기 초반', 'start_idx': 4, 'end_idx': 20, 'type': 'DAT'}","{'word': '클래식 음악', 'start_idx': 62, 'end_idx': 67, 'type': 'GEN'}",no_relation
110,조지아 토미 달시와 같은 초기 컨트리 블루스맨은 가스펠 음악이 흥행하는데 도움을 주었다.,"{'word': '가스펠 음악', 'start_idx': 27, 'end_idx': 32, 'type': 'GEN'}","{'word': '조지아 토미 달시', 'start_idx': 0, 'end_idx': 8, 'type': 'ART'}",no_relation
1205,"펑크 드럼은 드러머의 '감정'을 강조해 그루브를 만들어내는데, 여기에는 '잦은 템포 변동', 일부 곡에서 스윙의 사용 등이 포함된다.","{'word': '펑크', 'start_idx': 0, 'end_idx': 1, 'type': 'GEN'}","{'word': '스윙', 'start_idx': 59, 'end_idx': 60, 'type': 'GEN'}",no_relation
790,"또한 최유나의 《흔적》, 한혜진의 《갈색추억》, 박윤경의 《부초》 등 서정적이고 단조로운 분위기의 트로트들이 주로 인기를 얻기도 하였다.","{'word': '트로트', 'start_idx': 55, 'end_idx': 57, 'type': 'GEN'}","{'word': '부초', 'start_idx': 33, 'end_idx': 34, 'type': 'POH'}",no_relation
1416,"제임스 브라운의 ""Super Bad""""와 같은 노래에는 """"고함소리"," 외침 등""""과 함께 """"더블링 된 보이스""""가 포함되어 있었다.""","{'word': 'Super Bad', 'start_idx': 10, 'end_idx': 18, 'type': 'POH'}",product:origin
1102,슈게이징(영어: shoegazing)은 얼터너티브 록의 하위 장르로 1980년대 말 영국에서 나타났다. ,"{'word': '얼터너티브 록', 'start_idx': 22, 'end_idx': 28, 'type': 'GEN'}","{'word': '영국', 'start_idx': 47, 'end_idx': 48, 'type': 'LOC'}",gen:origin
943,"컨트리 팝의 하위 장르로 60년대의 베이커스 필드, 70년대의 프로그레시브 컨트리, 80~90년대의 뉴 트레디셔널 컨트리 등이 있다.","{'word': '베이커스 필드', 'start_idx': 20, 'end_idx': 26, 'type': 'GEN'}","{'word': '컨트리 팝', 'start_idx': 0, 'end_idx': 4, 'type': 'GEN'}",gen:super_genre
2343,"그 후 점차 강한 록 음악이 성장하게 되어 'Summertime Blues'로 유명했던 에디 코크런, 리틀 리처드 등도 하드 록의 형성에 큰 역할을 했다.","{'word': '에디 코크런', 'start_idx': 49, 'end_idx': 54, 'type': 'ART'}","{'word': 'Summertime Blues', 'start_idx': 25, 'end_idx': 40, 'type': 'POH'}",producer:product
2118,즉 EDM은 춤을 추기 위해 만들어진 전자 음악이라고 할 수 있다. 'Electronic Dance Music'이라는 용어는 1985년부터 미국에서 'Dance Music'이라는 용어로 사용되어 왔다.,"{'word': 'Electronic Dance Music', 'start_idx': 39, 'end_idx': 60, 'type': 'GEN'}","{'word': '1985년', 'start_idx': 70, 'end_idx': 74, 'type': 'DAT'}",gen:origin
2016, 우리 나라에선 '전승민요(傳承民謠)'라 한다. 민요란 말을 엄밀한 뜻으로 쓸 때에는 '트래디셔널송'과 같은 뜻이 된다. ,"{'word': '전승민요', 'start_idx': 10, 'end_idx': 13, 'type': 'GEN'}","{'word': '트래디셔널송', 'start_idx': 49, 'end_idx': 54, 'type': 'GEN'}",gen:alternate_name
1962,"시부야계 음악은 일렉트로닉 음악을 골격으로 보사노바, 힙합 등 갖가지 장르가 혼합된 형태를 다룬다.","{'word': '힙합', 'start_idx': 30, 'end_idx': 31, 'type': 'GEN'}","{'word': '시부야계 음악', 'start_idx': 0, 'end_idx': 6, 'type': 'GEN'}",no_relation
1222,"조지 클린턴과 팔러먼트(Parliament)가 펑크를 더 열심히 변형시키는 동안, 쿨 앤 더 갱(Kool & The Gang), 오하이오 플레이어(Ohio Players)와 어스, 윈드 앤 파이어(Earth, Wind & Fire) 같은 밴드들은 디스코에 영향을 받은 펑크 음악을 만들고 있었다.","{'word': '펑크', 'start_idx': 26, 'end_idx': 27, 'type': 'GEN'}","{'word': '조지 클린턴', 'start_idx': 0, 'end_idx': 5, 'type': 'ART'}",gen:artist
121,"부기우기의 선구자는 시카고가 기반인 지미 얀시와 부기-우기 트리오 (알버트 암몬스, 피트 존슨 그리고 미드 럭스 루이스)라 할 수 있다.","{'word': '알버트 암몬스', 'start_idx': 38, 'end_idx': 44, 'type': 'ART'}","{'word': '부기-우기 트리오', 'start_idx': 27, 'end_idx': 35, 'type': 'ART'}",artist:member_of
182,"또한, 이들의 영향을 받은 롤링 스톤스, 비틀즈, 프리티 싱스(Pretty Sings)와 같은 밴드들이 전면에 나서기 시작하면서, ""브리티시 리듬 앤 블루스(British Rhythm and Blues)""""로 불리는 영국 특유의 블루스 음악이 록으로 진화하기 시작한 것이다.""","{'word': 'British Rhythm and Blues', 'start_idx': 88, 'end_idx': 111, 'type': 'GEN'}","{'word': '브리티시 리듬 앤 블루스', 'start_idx': 74, 'end_idx': 86, 'type': 'GEN'}",gen:alternate_name
865,Jimmie Rodgers and the Carter Family는 블루스와 컨트리 음악을 혼합하여 표현하였다.,"{'word': '컨트리 음악', 'start_idx': 43, 'end_idx': 48, 'type': 'GEN'}","{'word': 'Jimmie Rodgers and the Carter Family', 'start_idx': 0, 'end_idx': 35, 'type': 'ART'}",gen:artist
1980,"오자와 켄지와 오야마다 케이고로 구성된 듀오 밴드 플리퍼의 기타는 이 장르의 기반을 다지고 시부야계 모든 밴드에 영향을 끼쳤으며, 시부야계의 가장 두드러진 밴드인 피치카토 파이브는 메인스트림 J-POP에 재즈, 소울, 라운지를 혼합하였다. ","{'word': 'J-POP', 'start_idx': 107, 'end_idx': 111, 'type': 'GEN'}","{'word': '피치카토 파이브', 'start_idx': 91, 'end_idx': 98, 'type': 'ART'}",gen:artist
2823,"1990년대 이후 재즈는 다원주의로 특징지어졌고, 다양한 스타일과 장르로 인기가 있다.","{'word': '1990년대 이후', 'start_idx': 0, 'end_idx': 8, 'type': 'DAT'}","{'word': '재즈', 'start_idx': 10, 'end_idx': 11, 'type': 'GEN'}",no_relation
1896,"시부야계 관련 뮤지션에는 피치카토 파이브, 고니시 야스하루, 판타스틱 플라스틱 머신, 캡슐, 나카타 야스타카, COLTEMONIKHA, Perfume, 고시지마 도시코, FreeTEMPO, DJ KAWASAKI, DJ Okawari, Daishi Dance, 800 Cherries, Buffalo Daughter, 세씨, 씨보 마토, 차피, Chocolat, Copter4016882, 코넬리우스, Cubismo Grafico, Cymbals, Dahlia, 플리퍼스 기타, Gulliver, Hazel Nuts Chocolate, Hi-Posi, Hideki Kaji, Kahimi Karie, Kiiiiiii, Kirinji, Macdonald Duck Eclair, m-flo, Misswonda, Nagisa Cosmetic, 마키 노미야, 카리야 노모토, 오자와 겐지, 오리지널 러브 (다지마 다카오), P&ART SASANOOOHA, 패리스 매치, Pine*AM, Plus-Tech Squeeze Box, 시이나 켄스케, 사운드 호라이즌, 스트로베리 머신, 미네카와 다카코, 오에 다쓰야 (캡틴 펑크), Towa Tei, 타코반장, 오노 요코, 스나하라 요시노리, 유카리 프레시 등이 있다. ","{'word': '시부야계', 'start_idx': 0, 'end_idx': 3, 'type': 'GEN'}","{'word': '나카타 야스타카', 'start_idx': 52, 'end_idx': 59, 'type': 'ART'}",gen:artist
1702,"왓킨스, S. 크레이그 Hip Hop Matters: Politics, Pop Culture, and the Struggle for the Struggle for the Soul of a Movement. Beacon Press, 2005. ISBN 0-8070-0982-2.","{'word': '2005', 'start_idx': 129, 'end_idx': 132, 'type': 'DAT'}","{'word': 'Hip Hop Matters: Politics, Pop Culture, and the Struggle for the Struggle for the Soul of a Movement', 'start_idx': 13, 'end_idx': 112, 'type': 'POH'}",no_relation
622,"또한 1961년은 한명숙이 발표한 《노란 샤쓰의 사나이》가 크게 인기를 끌었으며, 프랑스의 샹송 가수 이베트 지로나 일본의 하마무라 미치코 등이 리메이크하면서 대한민국 뿐만 아니라 동남아시아권까지 크게 유행하기도 하였다.","{'word': '샹송', 'start_idx': 51, 'end_idx': 52, 'type': 'GEN'}","{'word': '이베트 지로', 'start_idx': 57, 'end_idx': 62, 'type': 'ART'}",gen:artist
2849,"재즈 퓨전은 일본에서도 인기가 있었는데, 그 곳에서 밴드 카시오페아는 30장이 넘는 퓨전 앨범을 발매했다.","{'word': '일본', 'start_idx': 7, 'end_idx': 8, 'type': 'LOC'}","{'word': '재즈 퓨전', 'start_idx': 0, 'end_idx': 4, 'type': 'GEN'}",no_relation
991,컨트리 음악은 미국 남부 포크 음악에서 파생되었는데 애팔래치아 산맥과 블루스 그리고 고전 컨트리는 기타와 피들을 사용하는 등 다분히 포크적이다.,"{'word': '애팔래치아 산맥', 'start_idx': 29, 'end_idx': 36, 'type': 'LOC'}","{'word': '미국 남부', 'start_idx': 8, 'end_idx': 12, 'type': 'LOC'}",no_relation
3000,"모튼은 래그타임으로 알려진 초기 재즈 형태에서 재즈 피아노로 진화하는 데 결정적인 혁신가였고, 두 가지 스타일로 곡을 연주할 수 있었다.","{'word': '모튼', 'start_idx': 0, 'end_idx': 1, 'type': 'ART'}","{'word': '초기 재즈', 'start_idx': 15, 'end_idx': 19, 'type': 'GEN'}",no_relation
197,"윌리 딕슨이란 작곡자가 1948년 유명한 시카고 블루스 연주자인 머디 워터스의 음반 《I Can't Be Satisfied》 (1948)을 듣고 한 말은 이 과정을 생생히 설명해준다. ""주변에 블루스를 부르는 사람은 꽤 있었다. 하지만 그들은 대부분 슬픈 블루스를 노래했다.""","{'word': '1948', 'start_idx': 71, 'end_idx': 74, 'type': 'DAT'}","{'word': '머디 워터스', 'start_idx': 36, 'end_idx': 41, 'type': 'ART'}",no_relation
1147,이후 몇 년 동안 클린턴의 Parliament-Funkadelic과 같은 단체들은 신디사이저와 록 위주의 기타 작업을 채용하면서 이 감성을 이어갔다.,"{'word': '록', 'start_idx': 53, 'end_idx': 53, 'type': 'GEN'}","{'word': '클린턴', 'start_idx': 10, 'end_idx': 12, 'type': 'ART'}",gen:artist
796,"1950년에 한국 전쟁이 발발하면서 전쟁 기간 동안 현인의《전우여 잘 자라》, 신세영의《전선야곡》과 같은 전쟁가요가 유행하기도 했지만, 휴전 이후에는 전쟁의 아픔과 실향민의 비애를 그린 현인의 《굳세어라 금순아》, 남인수의 《이별의 부산정거장》과 같은 곡이 유행했다.","{'word': '전우여 잘 자라', 'start_idx': 33, 'end_idx': 40, 'type': 'POH'}","{'word': '현인', 'start_idx': 29, 'end_idx': 30, 'type': 'ART'}",product:origin
1619,부기(또는 일렉트로 펑크)는 펑크와 포스트 디스코의 영향을 주로 받는 일렉트로음악이다.,"{'word': '부기', 'start_idx': 0, 'end_idx': 1, 'type': 'GEN'}","{'word': '일렉트로음악', 'start_idx': 39, 'end_idx': 44, 'type': 'GEN'}",gen:super_genre
355,"처음으로 녹음된 아프리카계 미국인 가수는 마미 스미스, 1920년 페리 브래드포드의 〈Crazy Blues〉이다. 하지만 블루스 기원은 10년 전쯤 일찍인데, 1890년도 정도로 추정된다.","{'word': 'Crazy Blues', 'start_idx': 48, 'end_idx': 58, 'type': 'POH'}","{'word': '페리 브래드포드', 'start_idx': 37, 'end_idx': 44, 'type': 'ART'}",product:origin
1956,시부야계(?谷系 시부야케이[*])는 팝 뮤직과 미학이 절충된 형태로 1990년 중반에서 후반까지 큰 인기를 끌었던 장르이다. ,"{'word': '시부야계', 'start_idx': 0, 'end_idx': 3, 'type': 'GEN'}","{'word': '팝 뮤직', 'start_idx': 20, 'end_idx': 23, 'type': 'GEN'}",gen:super_genre
1200,"펑크 음악의 가사는 1970년대 미국 흑인 사회가 직면한 문제들을 다루었는데, 그것은 노동자 계층의 경제에서 산업 경제로 옮겨가면서 흑인 노동자 계층에게 해를 끼친 것을 주로 다뤘다.","{'word': '펑크', 'start_idx': 0, 'end_idx': 1, 'type': 'GEN'}","{'word': '1970년대', 'start_idx': 11, 'end_idx': 16, 'type': 'DAT'}",no_relation
449,최근에 들어와 흑인 음악을 통칭하는 표현으로 사용되는 '리듬 앤 블루스'는 사실 1940년대의 일렉트릭 블루스를 의미하는 표현이었다.,"{'word': '리듬 앤 블루스', 'start_idx': 31, 'end_idx': 38, 'type': 'GEN'}","{'word': '흑인 음악', 'start_idx': 8, 'end_idx': 12, 'type': 'GEN'}",gen:super_genre
887,같은 해 후티 앤 더 블로우피쉬의 보컬리스트 다리우스 럭커는 컨트리 음악 장르의 두 번째 솔로 앨범 Learn to Live를 발매한다.,"{'word': 'Learn to Live', 'start_idx': 56, 'end_idx': 68, 'type': 'POH'}","{'word': '다리우스 럭커', 'start_idx': 25, 'end_idx': 31, 'type': 'ART'}",product:origin
3361,"2년 후, 베스 오스만은 이 노래들의 메들리를 ""Rag Time Medley""""로 알려진 밴조 솔로곡으로 녹음했다.""","{'word': 'Rag Time Medley', 'start_idx': 27, 'end_idx': 41, 'type': 'POH'}","{'word': '베스 오스만', 'start_idx': 6, 'end_idx': 11, 'type': 'ART'}",product:origin
207,"머디 워터스, 하울링 울프 등으로 설명되는 일렉트릭 블루스는 일렉트릭 기타, 하모니카, 더블 베이스(후에 일렉트릭 베이스로 교체된다), 전자 피아노 혹은 전자 오르간, 드럼으로 소규모 편성되어 연주된다.","{'word': '일렉트릭 블루스', 'start_idx': 24, 'end_idx': 31, 'type': 'GEN'}","{'word': '머디 워터스', 'start_idx': 0, 'end_idx': 5, 'type': 'ART'}",gen:artist
3119,"1950년대 중반에는 특히 색소폰과 피아노 연주에서 리듬과 블루스, 가스펠, 블루스의 영향을 도입한 하드밥이 등장하였다.","{'word': '하드밥', 'start_idx': 56, 'end_idx': 58, 'type': 'GEN'}","{'word': '가스펠', 'start_idx': 38, 'end_idx': 40, 'type': 'GEN'}",gen:super_genre
743,1975년에는 송대관이 직접 작사한 《해뜰날》이 많은 사랑을 받아 가수왕에 등극 하기도 하였고 1976년에는 조용필의 《돌아와요 부산항에》가 크게 히트 하면서 트로트의 영향력을 행사 했다.,"{'word': '송대관', 'start_idx': 8, 'end_idx': 10, 'type': 'ART'}","{'word': '해뜰날', 'start_idx': 21, 'end_idx': 23, 'type': 'POH'}",producer:product
116,"초기 블루스 스타일은 컨트리 블루스와 대개 솔로 가수가 직접 기타, 피아노 연주를 하고, 가끔 하모니카와 드럼을 같이 연주를 했다. 당시 잘 알려진 컨트리 블루스 뮤지션으로는 레드 벨리, 블라인드 레몬 제퍼슨, 로버트 존슨 등 있다.","{'word': '컨트리 블루스', 'start_idx': 83, 'end_idx': 89, 'type': 'GEN'}","{'word': '블라인드 레몬 제퍼슨', 'start_idx': 105, 'end_idx': 115, 'type': 'ART'}",gen:artist
836,60년대 후반 다수의 블루그레스 그룹들은 장르의 가능성을 넓히기 시작했다.,"{'word': '블루그레스', 'start_idx': 12, 'end_idx': 16, 'type': 'GEN'}","{'word': '60년대 후반', 'start_idx': 0, 'end_idx': 6, 'type': 'DAT'}",no_relation
2145,"흑인과 백인의 음악이 혼합된 로큰롤은 이른바 “문화적 충돌”에 앞장섰던 라디오방송국들을 통해 레코드판의 발달과 보급을 촉진하였고, 양 인종 모두가 다루던 재즈와 스윙 같은 음악들이 널리 퍼지게 되었다.","{'word': '로큰롤', 'start_idx': 16, 'end_idx': 18, 'type': 'GEN'}","{'word': '흑인과 백인의 음악', 'start_idx': 0, 'end_idx': 9, 'type': 'POH'}",no_relation
2932,재즈(Jazz)는 19세기 말~20세기 초 미국 뉴올리언스 아프리카계 미국인 사회에서 유래된 음악 장르로 블루스와 래그타임에 뿌리를 둔다.,"{'word': '재즈', 'start_idx': 0, 'end_idx': 1, 'type': 'GEN'}","{'word': 'Jazz', 'start_idx': 3, 'end_idx': 6, 'type': 'GEN'}",gen:alternate_name
2347,"그 후 점차 강한 록 음악이 성장하게 되어 'Summertime Blues'로 유명했던 에디 코크런, 리틀 리처드 등도 하드 록의 형성에 큰 역할을 했다.","{'word': '에디 코크런', 'start_idx': 49, 'end_idx': 54, 'type': 'ART'}","{'word': '리틀 리처드', 'start_idx': 57, 'end_idx': 62, 'type': 'ART'}",no_relation
1361,"Phish는 1996년경 펑크 잼을 연주하기 시작했고, 1998년작 <The Story of the Ghost>는 펑크의 영향을 많이 받았다.","{'word': '1998년', 'start_idx': 31, 'end_idx': 35, 'type': 'DAT'}","{'word': 'The Story of the Ghost', 'start_idx': 39, 'end_idx': 60, 'type': 'POH'}",no_relation
96,투팍과 비기의 다툼은 크게 미국 동부의 힙합과 서부의 힙합간의 대립으로 번지지만 투팍과 비기 모두의 죽음이라는 비극적인 결말로 종결을 맺는다.,"{'word': '비기', 'start_idx': 4, 'end_idx': 5, 'type': 'ART'}","{'word': '미국 동부의 힙합', 'start_idx': 15, 'end_idx': 23, 'type': 'GEN'}",no_relation
1486,페미니스트 펑크가 자기 계발적인 주제에 초점을 맞추면서 도발적이고 논란이 많은 스타일이 1970년대에 인기를 얻는 데 도움이 되었다고 지적한다.,"{'word': '페미니스트 펑크', 'start_idx': 0, 'end_idx': 7, 'type': 'GEN'}","{'word': '1970년대', 'start_idx': 49, 'end_idx': 54, 'type': 'DAT'}",no_relation
36,"에미넴의 <The Marshall Mathers LP>, 제이 Z의 <The Blueprint>, 나스의 <Stillmatic>, 50센트의 <Get Rich or Die Tryin’>, T.I.의 <KING>, 영 지지의 <Let’s Get It: Thug Motivation 101>, 릴 웨인의 <Tha Carter III>, 카니예 웨스트의 <Late Registration> 등이 있다.","{'word': '50센트', 'start_idx': 73, 'end_idx': 76, 'type': 'ART'}","{'word': 'Get Rich or Die Tryin’', 'start_idx': 80, 'end_idx': 101, 'type': 'POH'}",producer:product
1260,"어쿠스틱 피아노는 어스 윈드 앤 파이어의 ""September""""와 빌리 프레스턴의 """"Will It Go Round in Circles""""를 포함하여 펑크에서 많이 사용된다.""","{'word': '빌리 프레스턴', 'start_idx': 36, 'end_idx': 42, 'type': 'ART'}","{'word': '어스 윈드 앤 파이어', 'start_idx': 10, 'end_idx': 20, 'type': 'ART'}",no_relation
652,현철은 1989년에 《봉선화 연정》으로 KBS 가요대상 본상을 수상하면서 트로트 황제의 위력을 전국에 전파 시키기도 했다.,"{'word': '트로트', 'start_idx': 41, 'end_idx': 43, 'type': 'GEN'}","{'word': '봉선화 연정', 'start_idx': 12, 'end_idx': 17, 'type': 'POH'}",no_relation
2253,"1970년, 블랙 사바스는 최초의 헤비 메탈 앨범으로 불리는 Black Sabbath를 발매한다.","{'word': '1970년', 'start_idx': 0, 'end_idx': 4, 'type': 'DAT'}","{'word': '헤비 메탈', 'start_idx': 19, 'end_idx': 23, 'type': 'GEN'}",no_relation
3476,1960년 중반 자메이카 음악가들은 스카를 좀 더 느리게 연주하면서 오프 비트를 가미했고 알톤 엘리스는 이 음악을 자신의 음반에서 록스테디라 불렀다. 1960년대 말이 되자 음악가들은 리듬을 보다 느리게 하고 다른 여러가지 효과를 가미하여 레게를 만들게 되었다.,"{'word': '자메이카', 'start_idx': 9, 'end_idx': 12, 'type': 'LOC'}","{'word': '1960년 중반', 'start_idx': 0, 'end_idx': 7, 'type': 'DAT'}",no_relation
3467,"한편 밥 말리는 왕에게 헌정된 찬송가를 뜻하는 스페인어 가스펠 레게의 사례를 들어 레게라는 말이 라틴어 레기스(regis, 왕에게 바치는)에서 나왔으며 ""왕의 음악 """"을 뜻한다고 말하였다.""","{'word': '레게', 'start_idx': 46, 'end_idx': 47, 'type': 'GEN'}","{'word': '레기스', 'start_idx': 58, 'end_idx': 60, 'type': 'POH'}",gen:origin
2623,"프린스턴 대학의 헨리 반 다이크는 이렇게 썼다. ""...이건 전혀 음악이 아니다. 그것은 단지 청각 신경의 짜증이요"," 육체적 정열의 끈을 관능적으로 놀리는 것일 뿐이오.""""라 말했으며"," 또한 뉴욕타임스는 시베리아 마을 사람들이 곰을 겁탈하기 위해 재즈를 사용했지만 마을 사람들은 냄비와 팬을 사용했다고 보도했다.""",no_relation
322,"찰리 패튼(Charley Patton), 선 하우스(Son House), 로버트 존슨과 같은 뮤지션들이 하나 둘씩 레코딩을 시작했고, 백인들에게도 블루스의 존재가 조금씩 알려지기 시작했던 것이다.","{'word': '블루스', 'start_idx': 82, 'end_idx': 84, 'type': 'GEN'}","{'word': '로버트 존슨', 'start_idx': 41, 'end_idx': 46, 'type': 'ART'}",gen:artist
163,"남북전쟁 이후, 농장에서 흑인 노예들에 의해 불리었던 할러, 혹은 노동요로 불리는 음악들은 농장제가 없어지면서 동시에 소멸되었지만, 아프리카적 요소들을 고스란히 도입하고 있던 이러한 음악들이 민스트럴 쇼, 교회에서 불리던 복음성가 등과 합쳐지면서 렉타임, 부기우기 등으로 발전 되었고, 블루스의 원류를 형성하는 음악이 된 것이다.","{'word': '블루스', 'start_idx': 160, 'end_idx': 162, 'type': 'GEN'}","{'word': '렉타임', 'start_idx': 138, 'end_idx': 140, 'type': 'GEN'}",gen:super_genre
2555,"얼터너티브는 1980년대 그런지, 브릿팝, 고딕 록, 인디 팝 같은 독립 음악의 다양한 하위장르로 구성되어 있다.","{'word': '고딕 록', 'start_idx': 24, 'end_idx': 27, 'type': 'GEN'}","{'word': '독립 음악', 'start_idx': 38, 'end_idx': 42, 'type': 'GEN'}",gen:super_genre
168,"이것을 AAB 패턴이라 칭하는데, 음악의 4마디를 먼저 구성하고, 그 다음 4마디는 앞 4마디를 반복하며, 다음 4마디는 끝나는 구절로 길게 만들었다. 〈Dallas Blues〉 (1912), 〈Saint Louis Blues〉 (1914)는 12마디 형식의 AAB 가사 구조를 취하고 있다.","{'word': 'Dallas Blues', 'start_idx': 86, 'end_idx': 97, 'type': 'POH'}","{'word': '1912', 'start_idx': 101, 'end_idx': 104, 'type': 'DAT'}",product:origin
2329,한편 영국 헤비 메탈 밴드 주다스 프리스트는 레너드 스키너드의 삼중 기타 믹스로 유명해진 다중 리듬 기술을 받아들였다.,"{'word': '헤비 메탈', 'start_idx': 6, 'end_idx': 10, 'type': 'GEN'}","{'word': '주다스 프리스트', 'start_idx': 15, 'end_idx': 22, 'type': 'ART'}",gen:artist
1939,"시부야계 관련 뮤지션에는 피치카토 파이브, 고니시 야스하루, 판타스틱 플라스틱 머신, 캡슐, 나카타 야스타카, COLTEMONIKHA, Perfume, 고시지마 도시코, FreeTEMPO, DJ KAWASAKI, DJ Okawari, Daishi Dance, 800 Cherries, Buffalo Daughter, 세씨, 씨보 마토, 차피, Chocolat, Copter4016882, 코넬리우스, Cubismo Grafico, Cymbals, Dahlia, 플리퍼스 기타, Gulliver, Hazel Nuts Chocolate, Hi-Posi, Hideki Kaji, Kahimi Karie, Kiiiiiii, Kirinji, Macdonald Duck Eclair, m-flo, Misswonda, Nagisa Cosmetic, 마키 노미야, 카리야 노모토, 오자와 겐지, 오리지널 러브 (다지마 다카오), P&ART SASANOOOHA, 패리스 매치, Pine*AM, Plus-Tech Squeeze Box, 시이나 켄스케, 사운드 호라이즌, 스트로베리 머신, 미네카와 다카코, 오에 다쓰야 (캡틴 펑크), Towa Tei, 타코반장, 오노 요코, 스나하라 요시노리, 유카리 프레시 등이 있다. ","{'word': '시부야계', 'start_idx': 0, 'end_idx': 3, 'type': 'GEN'}","{'word': 'Towa Tei', 'start_idx': 569, 'end_idx': 576, 'type': 'ART'}",gen:artist
362,"첫 번째 비상업적 목적의 블루스는 폴 올리버의 〈Proto-Blues〉인데, 이것을 오덤이 20세기 초 연구 목적으로 만들었던 것이다.","{'word': '블루스', 'start_idx': 14, 'end_idx': 16, 'type': 'GEN'}","{'word': '폴 올리버', 'start_idx': 19, 'end_idx': 23, 'type': 'ART'}",gen:artist
3210,"조지 브루니스, 샤키 보나노 등의 그가 고용한 탑 음악가들이 많아 '화이트 재즈의 아버지'로 통했다.","{'word': '화이트 재즈', 'start_idx': 38, 'end_idx': 43, 'type': 'GEN'}","{'word': '샤키 보나노', 'start_idx': 9, 'end_idx': 14, 'type': 'ART'}",gen:artist
539,"흑인 노예란 피압박 인종을 뜻하며, 목화 밭에서의 노동이라는 것은 블루스가 노동가, 혹은 노동민중의 가요임을 알려준다.","{'word': '블루스', 'start_idx': 37, 'end_idx': 39, 'type': 'GEN'}","{'word': '흑인 노예', 'start_idx': 0, 'end_idx': 4, 'type': 'COM'}",no_relation
1881,"다만, 시부야계 뮤지션들은 자신들이 시부야계로 분류되는 것을 반기지 않는 모습을 보이기도 했다.","{'word': '시부야계 뮤지션', 'start_idx': 4, 'end_idx': 11, 'type': 'COM'}","{'word': '시부야계', 'start_idx': 20, 'end_idx': 23, 'type': 'GEN'}",no_relation
1319,"배리 화이트의 모든 히트곡, 비두와 칼 더글라스의 ""Kung Fu Fighting"""""," 도나 서머의 """"Love To Love You Baby"""""," 다이애나 로스의 """"Love Hangover""""",product:origin
655,"1922년 ∼ 1930년 사이 《사의 찬미》의 윤심덕을 비롯해 《낙화유수》(김서정 작사/작곡)의 이정숙과 《봄노래 부르자》(김서정 작사/작곡)의 채규엽 및 세동무의 채동원, 그리고 《암로(暗路)》의 김연실 등이 대표적인 가수였다.","{'word': '이정숙', 'start_idx': 54, 'end_idx': 56, 'type': 'ART'}","{'word': '낙화유수', 'start_idx': 36, 'end_idx': 39, 'type': 'POH'}",producer:product
2379,발생 후 이미 20년 이상 경과하였고 재즈의 스타일도 다양화하고 있으므로 '모던 재즈'라는 호칭만으로는 구체적인 스타일을 잡을 수 없게 된 것이 오늘날의 현상이다.,"{'word': '재즈', 'start_idx': 21, 'end_idx': 22, 'type': 'GEN'}","{'word': '모던 재즈', 'start_idx': 42, 'end_idx': 46, 'type': 'GEN'}",gen:sub_genre
2840,"1924년 화이트맨은 조지 거슈윈의 Rhapsody in Blue를 의뢰했는데, 이 작품은 그의 오케스트라에 의해 초연되며 재즈는 주목할 만한 음악적 형태로 인식되기 시작했다.","{'word': '조지 거슈윈', 'start_idx': 12, 'end_idx': 17, 'type': 'ART'}","{'word': '1924년', 'start_idx': 0, 'end_idx': 4, 'type': 'DAT'}",no_relation
1393,다양한 키보드 악기가 펑크에 사용된다.,"{'word': '펑크', 'start_idx': 12, 'end_idx': 13, 'type': 'GEN'}","{'word': '키보드 악기', 'start_idx': 4, 'end_idx': 9, 'type': 'POH'}",no_relation
2570,"얼터너티브라고 불리거나 불린 적이 있었던 밴드 및 가수로는 콜드플레이, 오아시스, 존레논, 뮤즈, 보아, 퀸, 마룬 5, 이매진 드래곤스, 제이슨 므라즈, 찰리 푸스, 혁오, 넬 등이 있다.","{'word': '얼터너티브', 'start_idx': 0, 'end_idx': 4, 'type': 'GEN'}","{'word': '존레논', 'start_idx': 46, 'end_idx': 48, 'type': 'ART'}",gen:artist
1391,"1990년까지, 몇몇 쿠바 밴드들은 펑크와 힙합 요소들을 그들의 배치에 포함시켰고, 미국의 드럼 세트, 색소폰, 그리고 두 개의 키보드 형식을 가진 전통적인 구성에 의해 확장되었다.","{'word': '미국', 'start_idx': 47, 'end_idx': 48, 'type': 'LOC'}","{'word': '1990년', 'start_idx': 0, 'end_idx': 4, 'type': 'DAT'}",no_relation
786,"또한 최유나의 《흔적》, 한혜진의 《갈색추억》, 박윤경의 《부초》 등 서정적이고 단조로운 분위기의 트로트들이 주로 인기를 얻기도 하였다.","{'word': '최유나', 'start_idx': 3, 'end_idx': 5, 'type': 'ART'}","{'word': '흔적', 'start_idx': 9, 'end_idx': 10, 'type': 'POH'}",producer:product
3046,"1914년부터, 크리올과 아프리카계 미국인 음악가들은 미국 북부와 서부의 도시들에서 재즈 연주를 했다.","{'word': '미국 북부와 서부', 'start_idx': 30, 'end_idx': 38, 'type': 'LOC'}","{'word': '1914년', 'start_idx': 0, 'end_idx': 4, 'type': 'DAT'}",no_relation
2231,또한 1974년에 퀸은 그들의 세 번째 앨범 Sheer Heart Attack을 발매했다. 이 앨범의 여덟 번째 트랙 Stone Cold Crazy는 스피드 메탈과 스래시 메탈의 최초의 예가 되었다. 이 노래는 후에 메탈리카와 메가데스 등의 음악가들에게 영향을 주었다.,"{'word': '스래시 메탈', 'start_idx': 92, 'end_idx': 97, 'type': 'GEN'}","{'word': '퀸', 'start_idx': 10, 'end_idx': 10, 'type': 'ART'}",gen:artist
1395,"그녀는 ""베티 데이비스는 펑크와 록의 연혁의 선구자로서 이름을 남기지 않은 예술가""""라고 말한다.""","{'word': '펑크', 'start_idx': 14, 'end_idx': 15, 'type': 'GEN'}","{'word': '베티 데이비스', 'start_idx': 5, 'end_idx': 11, 'type': 'ART'}",gen:artist
792,"대표적으로 박재홍의 《유정 천리》와 같은 곡을 비롯해 많은 곡이 1988년까지 발행되지는 않았으나, 인기를 끌어 노래는 불리는 모습이 나타나기도 했다.","{'word': '박재홍', 'start_idx': 6, 'end_idx': 8, 'type': 'ART'}","{'word': '유정 천리', 'start_idx': 12, 'end_idx': 16, 'type': 'POH'}",producer:product
1706,"미들턴, 리차드 (1990) ""Studying Popular Music"""". Open University Press.""","{'word': 'Open University Press', 'start_idx': 42, 'end_idx': 62, 'type': 'COM'}","{'word': 'Studying Popular Music', 'start_idx': 17, 'end_idx': 38, 'type': 'POH'}",no_relation
2268,"에어로 스미스의 데뷔 앨범 Aerosmith의 수록곡 ""Dream On""""은 그들 최초로 큰 히트를 기록했다.""","{'word': '에어로 스미스', 'start_idx': 0, 'end_idx': 6, 'type': 'ART'}","{'word': 'Aerosmith', 'start_idx': 15, 'end_idx': 23, 'type': 'POH'}",producer:product
2018,"하지만, 아일랜드와 스코틀랜드도 영어권 국가이기 때문에 이 두 나라의 포크 음악은 포크로 분류한다.","{'word': '스코틀랜드', 'start_idx': 11, 'end_idx': 15, 'type': 'LOC'}","{'word': '아일랜드', 'start_idx': 5, 'end_idx': 8, 'type': 'LOC'}",no_relation
3358,아프리카계 미국 음악은 19세기 하바네라가 국제적인 인기를 얻으면서 아프로-쿠반 리듬 모티브를 접목하기 시작했다.,"{'word': '19세기', 'start_idx': 13, 'end_idx': 16, 'type': 'DAT'}","{'word': '아프리카계 미국 음악', 'start_idx': 0, 'end_idx': 10, 'type': 'GEN'}",no_relation
2491,블루스 음악은 스윙 재즈의 영향을 받아 곧 리듬 앤 블루스로 진화했다.,"{'word': '스윙 재즈', 'start_idx': 8, 'end_idx': 12, 'type': 'GEN'}","{'word': '리듬 앤 블루스', 'start_idx': 24, 'end_idx': 31, 'type': 'GEN'}",gen:sub_genre
1129,프로그레시브 록은 클래식과 재즈에서 많이 사용하는 악기를 사용하는 등 다른 장르의 특징을 받아들이기도 한다.,"{'word': '프로그레시브 록', 'start_idx': 0, 'end_idx': 7, 'type': 'GEN'}","{'word': '클래식', 'start_idx': 10, 'end_idx': 12, 'type': 'GEN'}",no_relation
1126,"피아니스트이며 작곡가인 H. 실버, 비브라폰 연주자인 밀트 잭슨 등이 솔 음악의 대표적인 인물들이다.","{'word': '밀트 잭슨', 'start_idx': 30, 'end_idx': 34, 'type': 'ART'}","{'word': '솔 음악', 'start_idx': 39, 'end_idx': 42, 'type': 'GEN'}",no_relation
1748,"사이키델릭은 사랑의 여름, 우드스톡 페스티벌과 더불어 1967년과 1968년 사이에 정점에 도달하였다.","{'word': '1967년과 1968년 사이', 'start_idx': 30, 'end_idx': 44, 'type': 'DAT'}","{'word': '사이키델릭', 'start_idx': 0, 'end_idx': 4, 'type': 'GEN'}",no_relation
2464,곧 미국이 발전을 하게 되고 도시화가 진행됨에 따라 블루스에도 전기 악기가 접목되어 일렉트릭 블루스가 되었는데 특히 시카고에서 인기를 끌어 시카고 블루스라고 부르게 되었다. ,"{'word': '시카고 블루스', 'start_idx': 78, 'end_idx': 84, 'type': 'GEN'}","{'word': '미국', 'start_idx': 2, 'end_idx': 3, 'type': 'LOC'}",gen:origin
2702,"재즈라는 단어의 최초 기록은 1912년 로스앤젤레스 타임즈 기사에서 한 마이너리그 야구 투수가 ""흔들려서 아무것도 할 수 없기 때문""""이라고 말한 """"재즈볼""""이라고 한다.""","{'word': '재즈', 'start_idx': 0, 'end_idx': 1, 'type': 'GEN'}","{'word': '로스앤젤레스', 'start_idx': 22, 'end_idx': 27, 'type': 'LOC'}",gen:origin
3278,1969년 데이비스는 자신의 첫 퓨전 앨범으로 여겨질 수 있는 In a Silent Way로 재즈에 대한 전자 악기 접근법을 완전히 수용했다.,"{'word': '퓨전', 'start_idx': 18, 'end_idx': 19, 'type': 'GEN'}","{'word': '데이비스', 'start_idx': 6, 'end_idx': 9, 'type': 'ART'}",gen:artist
884,"장르가 발전해나감에 따라 옛 음악은 전통 컨트리 주도의 리드미컬한 기타와 피틀 연주로 발전하여 모던 컨트리 뮤직의 기초가 되었는데 홍키 통크, 웨스턴 스윙(초기 컨트리적 요소)에서 팝을 기본으로 하는 컨트리폴리탄과 락에 영향을 받은 베이커스필드 사운드(모던 컨트리적 요소)까지 발전했다.","{'word': '락', 'start_idx': 120, 'end_idx': 120, 'type': 'GEN'}","{'word': '팝', 'start_idx': 101, 'end_idx': 101, 'type': 'GEN'}",no_relation
1299,"그것의 초창기는 60년대 후반에서 70년대 중반까지 지미 헨드릭스, 프랭크 자파, 게리 라이트, 데이비드 보위, 마더스 페인스트, 펑카델릭 같은 음악가들에 의해 그들의 초기 앨범에서 들렸다.","{'word': '60년대 후반에서 70년대 중반', 'start_idx': 9, 'end_idx': 25, 'type': 'DAT'}","{'word': '초기 앨범', 'start_idx': 94, 'end_idx': 98, 'type': 'POH'}",no_relation
2476,이런 가수들은 모드 사조를 이끌었는데 이것은 프랑스의 누벨바그 사조에 영향을 받은 것이었다. ,"{'word': '프랑스', 'start_idx': 25, 'end_idx': 27, 'type': 'LOC'}","{'word': '모드 사조', 'start_idx': 8, 'end_idx': 12, 'type': 'GEN'}",no_relation
2209,한편 블랙 사바스는 주다스 프리스트와 레인보우의 헤비 메탈 노선을 따라 Technical Ecstasy를 내면서 그들 초기 음악의 어두움을 지워버렸다.,"{'word': '헤비 메탈', 'start_idx': 27, 'end_idx': 31, 'type': 'GEN'}","{'word': 'Technical Ecstasy', 'start_idx': 40, 'end_idx': 56, 'type': 'POH'}",no_relation
1751,"사이키델릭 록의 대표적인 음악가로는 그레이트풀 데드, 비틀즈, 지미 헨드릭스, 국카스텐 등이 있다.","{'word': '그레이트풀 데드', 'start_idx': 20, 'end_idx': 27, 'type': 'ART'}","{'word': '비틀즈', 'start_idx': 30, 'end_idx': 32, 'type': 'ART'}",no_relation
372,이후 60년대가 지나가고 70년대 초반을 넘어섰을 때 진정한 의미의 블루스 록은 거의 자취를 감추고 말았다.,"{'word': '블루스 록', 'start_idx': 38, 'end_idx': 42, 'type': 'GEN'}","{'word': '70년대 초반', 'start_idx': 14, 'end_idx': 20, 'type': 'DAT'}",no_relation
148,"그 뒤를 이어 하트 반드의 〈Dallas Blues〉가 1912년 발매되었고, W.C. 핸디의 〈Memphis Blues〉가 같은 해에 나왔다.","{'word': 'Memphis Blues', 'start_idx': 54, 'end_idx': 66, 'type': 'POH'}","{'word': '하트 반드', 'start_idx': 8, 'end_idx': 12, 'type': 'ART'}",no_relation
1290,스티비 원더와 마빈 게이 또한 1970년대 최고의 히트곡인 'Superstition'과 'You Haven't Done Nothin' 그리고 'I Want You'와 'Got To Give It Up'에서 펑크 비트를 각각 채택했다.,"{'word': '펑크', 'start_idx': 115, 'end_idx': 116, 'type': 'GEN'}","{'word': '1970년대', 'start_idx': 17, 'end_idx': 22, 'type': 'DAT'}",no_relation
623,"또한 1961년은 한명숙이 발표한 《노란 샤쓰의 사나이》가 크게 인기를 끌었으며, 프랑스의 샹송 가수 이베트 지로나 일본의 하마무라 미치코 등이 리메이크하면서 대한민국 뿐만 아니라 동남아시아권까지 크게 유행하기도 하였다.","{'word': '1961년', 'start_idx': 3, 'end_idx': 7, 'type': 'DAT'}","{'word': '일본', 'start_idx': 65, 'end_idx': 66, 'type': 'LOC'}",no_relation
394,"유명한 재즈, 포크 혹은 록 뮤지션인 루이 암스트롱, 듀크 엘링턴, 마일스 데이비스, 밥 딜런과 같은 인물들이 블루스 음악을 연주, 녹음할 때 말이다.","{'word': '블루스 음악', 'start_idx': 62, 'end_idx': 67, 'type': 'GEN'}","{'word': '밥 딜런', 'start_idx': 48, 'end_idx': 51, 'type': 'ART'}",gen:artist
2949,재즈는 1920년대 재즈 시대부터 아프리카계 미국인과 유럽계 미국인의 음악적 토대 위에서 결합하고 연결한 전통음악과 대중 사이에서 음악 표현 형태이다.,"{'word': '재즈', 'start_idx': 0, 'end_idx': 1, 'type': 'GEN'}","{'word': '아프리카계 미국인', 'start_idx': 19, 'end_idx': 27, 'type': 'COM'}",gen:origin
2402,"1939년에 발매된 콜먼 호킨스의 ""육체와 영혼""""이 비밥의 원조이다.""","{'word': '비밥', 'start_idx': 29, 'end_idx': 30, 'type': 'GEN'}","{'word': '콜먼 호킨스', 'start_idx': 11, 'end_idx': 16, 'type': 'ART'}",gen:origin
1239,"1970년대에 펑크는 블루스, 가스펠, 재즈, 비밥의 영향을 포함하여 1960년대 아프리카계 미국 음악에서 사용되었던 것과 동일한 보컬 스타일을 많이 사용했다.","{'word': '1970년대', 'start_idx': 0, 'end_idx': 5, 'type': 'DAT'}","{'word': '블루스', 'start_idx': 12, 'end_idx': 14, 'type': 'GEN'}",no_relation
2312,"1960년대 말, 블루스 록과 초기 영국 록 밴드들의 음악을 섞은 블랙 사바스, 레드 제플린같은 밴드들이 하드 록을 탄생시켰다.","{'word': '블랙 사바스', 'start_idx': 37, 'end_idx': 42, 'type': 'ART'}","{'word': '레드 제플린', 'start_idx': 45, 'end_idx': 50, 'type': 'ART'}",no_relation
641,"문주란은 〈공항의 이별〉, 〈공항의 부는 바람〉, 〈공항 대합실〉 등 공항 시리즈가 인기를 얻었다.","{'word': '공항의 부는 바람', 'start_idx': 16, 'end_idx': 24, 'type': 'POH'}","{'word': '문주란', 'start_idx': 0, 'end_idx': 2, 'type': 'ART'}",product:origin
1628,"한편, 서부 해안에서는 찰스 라이트 & 와츠 103번가 리듬 밴드가 1967년 첫 앨범을 시작으로 펑크 트랙을 발매하고 있었으며, 1971년 클래식 싱글 ""Express Yourself""""로 정점을 찍었다.""","{'word': '펑크', 'start_idx': 55, 'end_idx': 56, 'type': 'GEN'}","{'word': '찰스 라이트 & 와츠 103번가', 'start_idx': 13, 'end_idx': 29, 'type': 'ART'}",gen:artist
501,빅 조 터너의 〈Rebecca〉,"{'word': 'Rebecca', 'start_idx': 9, 'end_idx': 15, 'type': 'POH'}","{'word': '빅 조 터너', 'start_idx': 0, 'end_idx': 5, 'type': 'ART'}",product:origin
2490,블루스 음악은 스윙 재즈의 영향을 받아 곧 리듬 앤 블루스로 진화했다.,"{'word': '리듬 앤 블루스', 'start_idx': 24, 'end_idx': 31, 'type': 'GEN'}","{'word': '스윙 재즈', 'start_idx': 8, 'end_idx': 12, 'type': 'GEN'}",gen:super_genre
433,비틀즈의 멤버들이 중학교에 재적할 무렵 대 유행기를 거친 스키플 사운드는 로니 도니건(Lonnie Donegan)이 밴조를 연주하던 '켄 콜리어 밴드(The Ken Colyer Band)'에서 그 근원을 찾는다.,"{'word': '스키플 사운드', 'start_idx': 32, 'end_idx': 38, 'type': 'GEN'}","{'word': '켄 콜리어 밴드', 'start_idx': 75, 'end_idx': 82, 'type': 'ART'}",gen:origin
1964,"지금까지 유행했던 밴드 등의 흐름과는 다른, 시부야계는 1980년대의 뉴웨이브나 1960년대, 1970년대의 팝등의 서양음악을 중심으로 폭넓은 장르를 소화하는 도시지향적 음악 계열이다. ","{'word': '서양음악', 'start_idx': 65, 'end_idx': 68, 'type': 'GEN'}","{'word': '1960년대', 'start_idx': 45, 'end_idx': 50, 'type': 'DAT'}",no_relation
1223,"조지 클린턴과 팔러먼트(Parliament)가 펑크를 더 열심히 변형시키는 동안, 쿨 앤 더 갱(Kool & The Gang), 오하이오 플레이어(Ohio Players)와 어스, 윈드 앤 파이어(Earth, Wind & Fire) 같은 밴드들은 디스코에 영향을 받은 펑크 음악을 만들고 있었다.","{'word': '팔러먼트', 'start_idx': 8, 'end_idx': 11, 'type': 'ART'}","{'word': '펑크', 'start_idx': 26, 'end_idx': 27, 'type': 'GEN'}",no_relation
2791,"블루스는 1860년대 미국 딥사우스에서 아프리카 음악 전통, 아프리카계 미국인의 작업 노래, 영적인 것에 뿌리를 둔 흑인들에 의해 유래된 음악 장르와 음악 형식이다.","{'word': '아프리카계 미국인', 'start_idx': 34, 'end_idx': 42, 'type': 'COM'}","{'word': '아프리카 음악 전통', 'start_idx': 22, 'end_idx': 31, 'type': 'COM'}",no_relation
610,1980년 대 후반에는 트로트의 최고 정점을 찍는 시기였다.,"{'word': '트로트', 'start_idx': 13, 'end_idx': 15, 'type': 'GEN'}","{'word': '1980년 대 후반', 'start_idx': 0, 'end_idx': 9, 'type': 'DAT'}",no_relation
541,"블루스의 여러 어원들 중 아프리카인의 장례 의식에서 유래되었다는 설과, 블루 데빌스(Blue Devils)에서 유래되었다는 설이 있다.","{'word': '블루스', 'start_idx': 0, 'end_idx': 2, 'type': 'GEN'}","{'word': '블루 데빌스', 'start_idx': 40, 'end_idx': 45, 'type': 'POH'}",gen:origin
125,"부기우기의 선구자는 시카고가 기반인 지미 얀시와 부기-우기 트리오 (알버트 암몬스, 피트 존슨 그리고 미드 럭스 루이스)라 할 수 있다.","{'word': '부기우기', 'start_idx': 0, 'end_idx': 3, 'type': 'GEN'}","{'word': '부기-우기 트리오', 'start_idx': 27, 'end_idx': 35, 'type': 'ART'}",gen:artist
3049,"남부의 흑인 출신 장르임에도 불구하고, 백인을 위한 오케스트라가 연주하는 재즈 댄스 음악의 큰 시장이 있었다.","{'word': '재즈 댄스 음악', 'start_idx': 41, 'end_idx': 48, 'type': 'GEN'}","{'word': '남부', 'start_idx': 0, 'end_idx': 1, 'type': 'LOC'}",no_relation
2505,미국 사회의 주류였던 백인 기성 세대들이 스탠다드 팝을 즐겼다면 비주류 계층인 흑인들은 블루스 음악을 즐겼으며 농촌의 백인들은 컨트리 송을 즐겼다.,"{'word': '미국', 'start_idx': 0, 'end_idx': 1, 'type': 'LOC'}","{'word': '농촌의 백인', 'start_idx': 62, 'end_idx': 67, 'type': 'COM'}",no_relation
1360,"Phish는 1996년경 펑크 잼을 연주하기 시작했고, 1998년작 <The Story of the Ghost>는 펑크의 영향을 많이 받았다.","{'word': '펑크 잼', 'start_idx': 14, 'end_idx': 17, 'type': 'GEN'}","{'word': 'Phish', 'start_idx': 0, 'end_idx': 4, 'type': 'ART'}",gen:artist
584,적어도 1950년대까지 트로트를 하나의 형식이나 장르로 보지 않았던 것은 분명하다.,"{'word': '1950년대', 'start_idx': 4, 'end_idx': 9, 'type': 'DAT'}","{'word': '트로트', 'start_idx': 13, 'end_idx': 15, 'type': 'GEN'}",no_relation
2754,1940년대 후반에 이르러 루이 암스트롱의 올스타즈 밴드가 선두적인 앙상블이 되었다.,"{'word': '1940년대', 'start_idx': 0, 'end_idx': 5, 'type': 'DAT'}","{'word': '올스타즈 밴드', 'start_idx': 24, 'end_idx': 30, 'type': 'ART'}",no_relation
224,초기엔 블루스는 아프리카 노래에 더 가까웠다.,"{'word': '블루스', 'start_idx': 4, 'end_idx': 6, 'type': 'GEN'}","{'word': '아프리카 노래', 'start_idx': 9, 'end_idx': 15, 'type': 'GEN'}",gen:super_genre
819,카우보이 뮤직의 매력은 무수히 많은 서부와 카우보이 영화의 생산으로 이어졌다.,"{'word': '카우보이 뮤직', 'start_idx': 0, 'end_idx': 6, 'type': 'GEN'}","{'word': '서부', 'start_idx': 20, 'end_idx': 21, 'type': 'LOC'}",no_relation
1729,빌보드 장르 인덱스 Archived 2008년 10월 1일 - 웨이백 머신,"{'word': '2008년 10월 1일', 'start_idx': 20, 'end_idx': 31, 'type': 'DAT'}","{'word': '웨이백 머신', 'start_idx': 35, 'end_idx': 40, 'type': 'POH'}",no_relation
1423,DU's의 매우 강력한 펑크 앨범은 1996년 발매된 Future Rhythm이었다.,"{'word': ""DU's""""", 'start_idx': 0,producer:product
411,"한편, 본산지로서의 자존심을 여지없이 짓밟힌 미국의 블루스 계는 폴 버터 필드(Paul Butterfield), 블루스 프로젝트(Blues Project) 등이 로커 빌리를 잠식하면서부터 블루스 록의 신화를 창조하기 시작한다.","{'word': '폴 버터 필드', 'start_idx': 36, 'end_idx': 42, 'type': 'ART'}","{'word': '미국의 블루스 계', 'start_idx': 25, 'end_idx': 33, 'type': 'COM'}",no_relation
897,컨템포러리 컨트리 사운드는 고전 홍키 통크에 중점을 두었지만 새로운 기술과 장비의 장점을 받아들여 순수한 컨트리 뮤직과 비슷한 사운드를 낼 수 있게 되었다.,"{'word': '컨템포러리 컨트리 사운드', 'start_idx': 0, 'end_idx': 12, 'type': 'GEN'}","{'word': '고전 홍키 통크', 'start_idx': 15, 'end_idx': 22, 'type': 'GEN'}",no_relation
403,"알렉시스 코너(Alexis Korner), 시릴 데이비스(Cyril Davis), 스크리밍 로드 서치(Screamin' Lord Sutch), 그래험 본드(Graham Bond), 존 메이올 등의 선구자들에 의해 꽃 피우기 시작한 영국의 블루스는 자국의 탄탄한 음악적 전통 속에서 블루스의 본산지인 미국의 시도에 앞서 나가기 시작했다.","{'word': '영국의 블루스', 'start_idx': 129, 'end_idx': 135, 'type': 'GEN'}","{'word': '스크리밍 로드 서치', 'start_idx': 46, 'end_idx': 55, 'type': 'ART'}",gen:artist
1462,"펑크(funk)는 1960년대 중반 음악가들이 소울, 재즈, 리듬 앤 블루스(R&B)의 혼합을 통해 리드미컬하고 춤추기 쉬운 새로운 형태의 음악을 만들면서 블랙아메리카 커뮤니티에서 유래한 음악 장르다.","{'word': '1960년대 중반', 'start_idx': 10, 'end_idx': 18, 'type': 'DAT'}","{'word': 'funk', 'start_idx': 3, 'end_idx': 6, 'type': 'GEN'}",no_relation
2013,"보통 포크는 기타, 밴조, 리코더, 하모니카, 콘서티나, 아코디언, 만돌린, 바이올린, 세트 형태가 아닌 한 개의 드럼을 사용하는 반면, 포크록은 전기 기타, 베이스 기타, 신시사이저를 쓰고 드럼 세트로 록 비트를 붙인다. 1967년경부터 사이케데릭 사운드 등 여러 가지 신종 록의 움직임이 왕성해짐에 따라 포크록도 그 안에 흡수된 것 같으며, 그 뒤로 이 말은 그리 쓰이지 않게 되었다.","{'word': '1967년경', 'start_idx': 125, 'end_idx': 130, 'type': 'DAT'}","{'word': '포크록', 'start_idx': 77, 'end_idx': 79, 'type': 'GEN'}",no_relation
1004,"컨트리 음악(영어: country music, country and western 또는 hillbilly music)은 대중 음악의 한 장르로 미국의 전통 음악이다.","{'word': '대중 음악', 'start_idx': 67, 'end_idx': 71, 'type': 'GEN'}","{'word': '컨트리 음악', 'start_idx': 0, 'end_idx': 5, 'type': 'GEN'}",gen:sub_genre
820,카우보이 뮤직의 전통은 그의 수반되는 생활 양식이 사라진 후에도 컨트리와 웨스턴 뮤직의 정보를 이루었다.,"{'word': '카우보이 뮤직', 'start_idx': 0, 'end_idx': 6, 'type': 'GEN'}","{'word': '컨트리', 'start_idx': 36, 'end_idx': 38, 'type': 'GEN'}",no_relation
1333,"1957년 상업적인 음악에서 일시적 퇴장하여 펑크의 선구자가 된 후, Little Richard의 밴드 멤버들 중 일부는 Brown and the Famous Flames에 합류하여 1958년에 그들의 히트곡을 시작했다.","{'word': 'Brown and the Famous Flames', 'start_idx': 68, 'end_idx': 94, 'type': 'ART'}","{'word': '펑크', 'start_idx': 25, 'end_idx': 26, 'type': 'GEN'}",no_relation
2723,마르살리스의 상업적인 성공이 퓨전 및 프리 재즈에 대한 반응과 1960년대에 개척된 재즈(특히 모달 재즈와 포스트 밥)에 대한 관심의 부활의 원인인지 아닌지는 논란의 여지가 있다.,"{'word': '1960년대', 'start_idx': 35, 'end_idx': 40, 'type': 'DAT'}","{'word': '마르살리스', 'start_idx': 0, 'end_idx': 4, 'type': 'ART'}",no_relation
2688,젤리 롤 모튼과 마찬가지로 암스트롱도 휘둘러진 음을 유리하게 래그타임의 뻣뻣함을 버렸다는 공로를 인정받고 있다.,"{'word': '래그타임', 'start_idx': 34, 'end_idx': 37, 'type': 'GEN'}","{'word': '젤리 롤 모튼', 'start_idx': 0, 'end_idx': 6, 'type': 'ART'}",no_relation
2629,"피아니스트 제이슨 모란과 비제이 아이어, 기타리스트 커트 로젠윈켈, 비브라포니스트 해리스, 트럼펫 연주자 로이 하그로브와 테렌스 블랜차드, 색소폰 연주자 크리스 포터와 조슈아 레드만, 클라리넷 연주자 켄 페플로우스키, 클라리넷 연주자 켄 페플로스키 등이 1990년대부터 다수 등장했다.","{'word': '1990년대', 'start_idx': 142, 'end_idx': 147, 'type': 'DAT'}","{'word': '켄 페플로스키', 'start_idx': 131, 'end_idx': 137, 'type': 'ART'}",no_relation
464,"재즈는 초기 뉴올리언스 딕시랜드, 스윙 시대의 빅 밴드 음악, 비밥, 라틴 재즈, 퓨전, 에시드 재즈, 펑크, 힙합, 그리고 당연히 블루스에게도 영향을 미쳤다.","{'word': '재즈', 'start_idx': 0, 'end_idx': 1, 'type': 'GEN'}","{'word': '에시드 재즈', 'start_idx': 50, 'end_idx': 55, 'type': 'GEN'}",gen:sub_genre
986,웨스턴 스윙 : 웨스턴 스윙은 컨트리 뮤직의 가장 절충적인 형태고 그것의 자유로운 다양함 속에서 그것은 로큰롤 무대를 장식했다.,"{'word': '웨스턴 스윙', 'start_idx': 9, 'end_idx': 14, 'type': 'GEN'}","{'word': '컨트리 뮤직', 'start_idx': 17, 'end_idx': 22, 'type': 'GEN'}",no_relation
2238,"그밖에 KISS는 쇼크 록 컨셉을 더 밀고 나가 세 앨범 KISS, Hotter Than Hell, Dressed To Kill을 1년이 조금 넘는 시간 동안에 걸쳐 발매했다.","{'word': 'KISS', 'start_idx': 4, 'end_idx': 7, 'type': 'ART'}","{'word': '쇼크 록', 'start_idx': 10, 'end_idx': 13, 'type': 'GEN'}",no_relation
2718,"1947년 비밥 트럼펫 연주자 디지 길레스피와 타악기 연주자 차노 포조의 협연으로 텀블라도라, 봉고 같은 아프로-쿠반 리듬과 악기를 동해안 재즈계에 들여왔다. '만테카'나 '망고 만귀에'와 같은 쿠바 음악과의 초기 재즈 조합은 쿠바 비밥의 경우 흔히 '쿠밥'이라고 불렸다.","{'word': '1947년', 'start_idx': 0, 'end_idx': 4, 'type': 'DAT'}","{'word': '차노 포조', 'start_idx': 34, 'end_idx': 38, 'type': 'ART'}",no_relation
1373,"프린스는 펑크, R&B, 록, 팝 & 뉴 웨이브가 혼합된 ""Minneapolis sound""""를 바탕으로 the Time을 연주했다.""","{'word': '프린스', 'start_idx': 0, 'end_idx': 2, 'type': 'ART'}","{'word': 'the Time', 'start_idx': 58, 'end_idx': 65, 'type': 'POH'}",producer:product
1014,블루그레스는 빌 몬로의 백밴드인 블루그레스 보이즈의 이름을 딴 것이다.,"{'word': '빌 몬로', 'start_idx': 7, 'end_idx': 10, 'type': 'ART'}","{'word': '블루그레스 보이즈', 'start_idx': 18, 'end_idx': 26, 'type': 'POH'}",no_relation
2920,길레스피를 포함한 몇몇 사람들은 비밥 뮤지션들이 좀 더 접근하기 쉽게 하기 위해 복잡하지만 춤출 수 있는 곡들을 작곡했지만 부족했다..,"{'word': '비밥', 'start_idx': 18, 'end_idx': 19, 'type': 'GEN'}","{'word': '길레스피', 'start_idx': 0, 'end_idx': 3, 'type': 'ART'}",gen:artist
1945,"시부야계 관련 뮤지션에는 피치카토 파이브, 고니시 야스하루, 판타스틱 플라스틱 머신, 캡슐, 나카타 야스타카, COLTEMONIKHA, Perfume, 고시지마 도시코, FreeTEMPO, DJ KAWASAKI, DJ Okawari, Daishi Dance, 800 Cherries, Buffalo Daughter, 세씨, 씨보 마토, 차피, Chocolat, Copter4016882, 코넬리우스, Cubismo Grafico, Cymbals, Dahlia, 플리퍼스 기타, Gulliver, Hazel Nuts Chocolate, Hi-Posi, Hideki Kaji, Kahimi Karie, Kiiiiiii, Kirinji, Macdonald Duck Eclair, m-flo, Misswonda, Nagisa Cosmetic, 마키 노미야, 카리야 노모토, 오자와 겐지, 오리지널 러브 (다지마 다카오), P&ART SASANOOOHA, 패리스 매치, Pine*AM, Plus-Tech Squeeze Box, 시이나 켄스케, 사운드 호라이즌, 스트로베리 머신, 미네카와 다카코, 오에 다쓰야 (캡틴 펑크), Towa Tei, 타코반장, 오노 요코, 스나하라 요시노리, 유카리 프레시 등이 있다. ","{'word': '세씨', 'start_idx': 177, 'end_idx': 178, 'type': 'ART'}","{'word': '시부야계', 'start_idx': 0, 'end_idx': 3, 'type': 'GEN'}",no_relation
3469,"한편 밥 말리는 왕에게 헌정된 찬송가를 뜻하는 스페인어 가스펠 레게의 사례를 들어 레게라는 말이 라틴어 레기스(regis, 왕에게 바치는)에서 나왔으며 ""왕의 음악 """"을 뜻한다고 말하였다.""","{'word': '밥 말리', 'start_idx': 3, 'end_idx': 6, 'type': 'ART'}","{'word': '레게', 'start_idx': 46, 'end_idx': 47, 'type': 'GEN'}",no_relation
2333,"앨범 Van Halen에 실린 노래 ""Eruption""""은 반 할렌의 기술적인 면모를 보여주며 큰 영향력을 떨쳤다.""","{'word': '반 할렌', 'start_idx': 32, 'end_idx': 35, 'type': 'ART'}","{'word': 'Van Halen', 'start_idx': 3, 'end_idx': 11, 'type': 'POH'}",producer:product
845,80년대 말은 뉴 트레디셔널리스트 운동이 홍키 통크 뿌리로 돌아가자는 운동을 했지만 그의 세련된 방식은 컨트리 팝을 새로운 영역으로 접근할 수 있게 했다.,"{'word': '컨트리 팝', 'start_idx': 58, 'end_idx': 62, 'type': 'GEN'}","{'word': '80년대 말', 'start_idx': 0, 'end_idx': 5, 'type': 'DAT'}",no_relation
2273,"1973년에 에어로스미스와 퀸, 레너드 스키너드는 하드 록의 지평을 넓히는 기념비적인 데뷔 앨범을 발매한다.","{'word': '하드 록', 'start_idx': 28, 'end_idx': 31, 'type': 'GEN'}","{'word': '퀸', 'start_idx': 15, 'end_idx': 15, 'type': 'ART'}",gen:artist
2668,"렌스 블랜차드는 재능 있는 재즈 뮤지션으로 떠올랐고, 이들은 모두 1990년대와 2000년대에 상당한 공헌을 했다.","{'word': '재즈', 'start_idx': 15, 'end_idx': 16, 'type': 'GEN'}","{'word': '렌스 블랜차드', 'start_idx': 0, 'end_idx': 6, 'type': 'ART'}",gen:artist
319,"60년대에는 과거 어쿠스틱 기타에서는 사용할 수 없었던 일렉트릭 기타만의 독특한 주법들이 사용되기 시작되었고, 본격적으로 모던 블루스의 시대가 시작되었음을 알리는 신호탄이 되었기 때문이다.","{'word': '60년대', 'start_idx': 0, 'end_idx': 3, 'type': 'DAT'}","{'word': '모던 블루스', 'start_idx': 68, 'end_idx': 73, 'type': 'GEN'}",no_relation
185,"또한, 이들의 영향을 받은 롤링 스톤스, 비틀즈, 프리티 싱스(Pretty Sings)와 같은 밴드들이 전면에 나서기 시작하면서, ""브리티시 리듬 앤 블루스(British Rhythm and Blues)""""로 불리는 영국 특유의 블루스 음악이 록으로 진화하기 시작한 것이다.""","{'word': '브리티시 리듬 앤 블루스', 'start_idx': 74, 'end_idx': 86, 'type': 'GEN'}","{'word': '롤링 스톤스', 'start_idx': 15, 'end_idx': 20, 'type': 'ART'}",gen:artist
3115,많은 초기 재즈 뮤지션들이 스토리빌이라고 불리는 길거리 주변의 붉은 빛 구역의 술집과 사창가에서 연주를 했다.,"{'word': '스토리빌', 'start_idx': 15, 'end_idx': 18, 'type': 'LOC'}","{'word': '초기 재즈', 'start_idx': 3, 'end_idx': 7, 'type': 'GEN'}",no_relation
587,1966년에는 《동숙의 노래》로 데뷔한 문주란이 있었는데 허스키한 목소리가 매력적인 가수로 손꼽혔다.,"{'word': '동숙의 노래', 'start_idx': 9, 'end_idx': 14, 'type': 'POH'}","{'word': '1966년', 'start_idx': 0, 'end_idx': 4, 'type': 'DAT'}",product:origin
2959,"데이비스는 ""나는 Kind of Blue의 음악을 작곡한 것이 아니라 자발성을 많이 원했기 때문에 모든 사람들이 연주해야 할 것에 대한 스케치를 가져왔다""""고 회상했다.""","{'word': 'Kind of Blue', 'start_idx': 10, 'end_idx': 21, 'type': 'POH'}","{'word': '데이비스', 'start_idx': 0, 'end_idx': 3, 'type': 'ART'}",product:origin
2380,"기존의 재즈음악에서 탈피하고자 하는 콜먼 호킨스의 의지와 그의 유쾌한 연주는 비밥의 신호탄이 되었고, 그의 음악은 찰리 파커와 같은 차세대 재즈 음악인들에게 영감을 주었다.","{'word': '비밥', 'start_idx': 43, 'end_idx': 44, 'type': 'GEN'}","{'word': '콜먼 호킨스', 'start_idx': 20, 'end_idx': 25, 'type': 'ART'}",gen:artist
139,1910~1920년대 등장한 초기의 블루스 뮤지션들은 거의 대부분이 미국 남부지역 출신 흑인이었다.,"{'word': '블루스', 'start_idx': 20, 'end_idx': 22, 'type': 'GEN'}","{'word': '1910~1920년대', 'start_idx': 0, 'end_idx': 10, 'type': 'DAT'}",gen:origin
1105,슈게이징이란 이름이 붙여지게 된 계기는 영국의 음악 잡지사들이 이러한 음악을 추구하는 밴드들이 라이브 무대에서 꼼짝않고 그들의 악기나 바닥만을 쳐다보는 것이 마치 신발을 쳐다보는 것(gazing at their shoes) 같다고 한 이후 흔히 쓰이게 되었다.,"{'word': '영국', 'start_idx': 22, 'end_idx': 23, 'type': 'LOC'}","{'word': '슈게이징', 'start_idx': 0, 'end_idx': 3, 'type': 'GEN'}",no_relation
3381,"라이브 계측기와 재즈 하우스의 비트를 결합한 것부터 전자적 요소가 가미된 밴드 기반의 즉흥 재즈(예: Bugge Weseltoft, Jaga Jazzist, Nils Petter) 스타일까지 다양하다.","{'word': 'Bugge Weseltoft', 'start_idx': 57, 'end_idx': 71, 'type': 'ART'}","{'word': 'Jaga Jazzist', 'start_idx': 74, 'end_idx': 85, 'type': 'ART'}",no_relation
3511,영국에서 기원하여 전승된 발라드 305종을 19세기 말엽 '프랜시스 제임스 차일드'라는 학자가 수집하고 정리하였다.,"{'word': '19세기 말', 'start_idx': 24, 'end_idx': 29, 'type': 'DAT'}","{'word': '영국', 'start_idx': 0, 'end_idx': 1, 'type': 'LOC'}",no_relation
1453,"멜로디적인 부분은 이러한 모드들을 섞어 블루스스케일에서 풀어나가는 방식을 사용한다. 1970년대에는 재즈의 서브장르로 재즈펑크가 생겨났으며, 이러한 곡들은 마일즈 데이비스, 하비 핸콕 등의 음반에서 들을 수 있다.","{'word': '1970년대', 'start_idx': 47, 'end_idx': 52, 'type': 'DAT'}","{'word': '마일즈 데이비스', 'start_idx': 87, 'end_idx': 94, 'type': 'ART'}",no_relation
2774,"18세기에 이르러 뉴올리언스 지역의 노예들은 거래로 인하여 시장에 모여들었는데, 이 시장은 후에 아프리카 춤으로 유명한 콩고 광장으로 알려지게 되었다.","{'word': '18세기', 'start_idx': 0, 'end_idx': 3, 'type': 'DAT'}","{'word': '아프리카', 'start_idx': 54, 'end_idx': 57, 'type': 'LOC'}",no_relation
723,"김수희는 작곡가 출신으로 미8군 부대에서 '블랙켓츠'의 보컬로 활동하여 《남포동 부르스》, 《멍에》, 《잃어버린 정》 등 느린 곡조의 트로트를 히트 시켰고 다양한 창법을 트로트에 접목시키기도 하였다.","{'word': '잃어버린 정', 'start_idx': 58, 'end_idx': 63, 'type': 'POH'}","{'word': '김수희', 'start_idx': 0, 'end_idx': 2, 'type': 'ART'}",product:origin
2197,미국의 디스코 음악과 영국의 펑크 록의 열풍이 시작되면서 하드 록은 경쟁에 맞부딪치게 되었다.,"{'word': '미국', 'start_idx': 0, 'end_idx': 1, 'type': 'LOC'}","{'word': '디스코', 'start_idx': 4, 'end_idx': 6, 'type': 'GEN'}",no_relation
1037,"80년대 말과 90년대 초에 컨템포러리 컨트리는 비록 더 많은 팬 층을 거느렸고, 가스 브룩스와 그의 잠재적인 ‘록’스러움이 적지 않았음에도 여전히 핵심은 컨트리와 같았다.","{'word': '컨템포러리 컨트리', 'start_idx': 16, 'end_idx': 24, 'type': 'GEN'}","{'word': '80년대 말과 90년대 초', 'start_idx': 0, 'end_idx': 13, 'type': 'DAT'}",no_relation
